grsp,ta_800
0,38.6234
0,38.6234
0,38.6234
0,38.6234
0,42.7491
0,42.7491
0,42.7491
0,42.7491
0,45.7337
0,45.7337
0,45.7337
0,45.7337
0,38.1845
0,38.1845
0,38.1845
0,38.1845
0,38.3601
0,38.3601
0,38.3601
0,38.3601
0,44.3292
0,44.3292
0,44.3292
0,44.3292
0,68.2933
0,68.2933
0,68.2933
0,68.2933
0,47.9282
0,47.9282
0,47.9282
0,47.9282
0,63.0264
0,63.0264
0,63.0264
0,63.0264
0,65.3087
0,65.3087
0,65.3087
0,65.3087
0,88.0439
0,88.0439
0,88.0439
0,88.0439
0,74.789
0,74.789
0,74.789
0,74.789
0,60.6564
0,60.6564
0,60.6564
0,60.6564
0,145.3646
0,145.3646
0,145.3646
0,145.3646
1,178.809
1,178.809
1,178.809
0,178.809
0,182.9347
0,182.9347
0,182.9347
0,182.9347
0,187.0604
0,187.0604
0,187.0604
0,187.0604
0,175.4733
0,175.4733
1,175.4733
0,175.4733
0,198.1207
1,198.1207
2,198.1207
0,198.1207
0,193.3806
0,193.3806
1,193.3806
0,193.3806
2,173.5422
1,173.5422
0,173.5422
0,173.5422
1,127.5451
1,127.5451
1,127.5451
0,127.5451
0,109.9013
1,109.9013
0,109.9013
0,109.9013
0,120.1716
0,120.1716
0,120.1716
0,120.1716
0,56.7062
0,56.7062
0,56.7062
0,56.7062
0,22.4718
0,22.4718
0,60.3052
0,60.3052
0,74.5257
0,74.5257
0,12.816
0,12.816
0,33.0055
0,33.0055
1,173.3666
1,173.3666
0,173.3666
0,173.3666
1,189.606
0,189.606
0,189.606
0,189.606
0,177.7556
1,177.7556
1,177.7556
1,177.7556
0,165.3786
0,165.3786
0,165.3786
0,165.3786
1,177.2289
0,177.2289
0,177.2289
0,177.2289
1,165.4663
0,165.4663
1,165.4663
0,165.4663
0,181.9691
0,181.9691
0,181.9691
0,181.9691
0,176.2634
0,176.2634
0,176.2634
0,176.2634
1,114.5536
0,114.5536
0,114.5536
0,114.5536
0,130.6175
0,130.6175
0,130.6175
0,130.6175
0,181.3546
0,181.3546
0,181.3546
0,181.3546
1,198.7352
0,198.7352
0,198.7352
0,198.7352
0,149.8414
0,149.8414
0,149.8414
0,149.8414
0,95.3297
0,95.3297
0,95.3297
0,95.3297
0,58.9008
0,58.9008
0,58.9008
0,58.9008
0,52.7561
0,52.7561
0,52.7561
0,52.7561
0,63.992
0,63.992
0,63.992
0,63.992
0,96.7342
0,96.7342
0,96.7342
0,96.7342
0,141.4145
0,141.4145
0,141.4145
0,141.4145
0,163.8863
0,163.8863
0,163.8863
1,163.8863
0,151.4215
0,151.4215
0,151.4215
0,151.4215
0,128.5107
0,128.5107
0,128.5107
0,135.621
0,135.621
0,135.621
0,135.621
0,122.4539
0,122.4539
0,122.4539
0,122.4539
0,50.2983
0,50.2983
0,50.2983
0,50.2983
0,62.9387
0,62.9387
0,119.3816
0,119.3816
0,151.2459
0,151.2459
0,136.3232
0,136.3232
0,83.7427
0,83.7427
0,86.4638
0,86.4638
0,86.4638
0,86.4638
0,109.7257
0,109.7257
0,109.7257
0,109.7257
0,123.9461
0,123.9461
0,123.9461
0,123.9461
0,145.9791
0,145.9791
0,145.9791
0,145.9791
1,101.8254
0,101.8254
0,101.8254
0,101.8254
0,77.0713
0,77.0713
0,77.0713
0,77.0713
0,72.5945
0,72.5945
0,72.5945
0,72.5945
0,81.0215
0,81.0215
0,81.0215
0,81.0215
0,103.3177
0,103.3177
0,103.3177
0,103.3177
0,121.6639
0,121.6639
0,121.6639
0,121.6639
0,140.4489
0,140.4489
0,140.4489
0,140.4489
0,155.8105
0,155.8105
0,155.8105
0,155.8105
0,115.4314
0,115.4314
0,115.4314
0,115.4314
0,111.218
0,111.218
0,111.218
0,111.218
0,115.9581
0,115.9581
0,115.9581
0,115.9581
0,149.4025
0,149.4025
0,149.4025
0,149.4025
0,104.1077
0,104.1077
0,104.1077
0,104.1077
0,54.9506
0,54.9506
0,54.9506
0,54.9506
0,85.1471
0,85.1471
0,85.1471
0,85.1471
0,119.6449
0,119.6449
0,119.6449
0,119.6449
0,156.6883
0,156.6883
0,156.6883
0,156.6883
1,119.9082
1,119.9082
0,119.9082
0,119.9082
0,99.9821
0,99.9821
0,99.9821
0,99.9821
0,90.3262
0,90.3262
0,90.3262
0,90.3262
0,73.5601
0,73.5601
0,73.5601
0,73.5601
0,88.9217
0,88.9217
0,89.6239
0,89.6239
0,140.2733
0,140.2733
0,158.005
0,91.4673
0,155.196
0,155.196
0,155.196
0,155.196
3,171.3476
1,171.3476
3,171.3476
0,171.3476
2,187.4115
1,187.4115
3,187.4115
1,187.4115
2,200.8419
1,200.8419
3,200.8419
2,200.8419
3,200.4908
1,200.4908
1,200.4908
1,200.4908
2,201.0175
0,201.0175
3,201.0175
3,201.0175
2,199.7885
1,199.7885
2,199.7885
4,199.7885
3,199.3496
1,199.3496
2,199.3496
1,200.6664
1,200.6664
2,200.6664
1,200.6664
0,196.2773
1,196.2773
1,196.2773
2,196.2773
0,181.618
0,181.618
0,181.618
0,181.618
2,188.9915
2,188.9915
2,188.9915
1,188.9915
5,198.2085
3,198.2085
1,198.2085
3,198.2085
0,188.2893
0,188.2893
1,188.2893
0,188.2893
4,191.5372
1,191.5372
2,191.5372
4,191.5372
0,190.6594
0,190.6594
0,190.6594
1,190.6594
1,192.415
1,192.415
2,192.415
1,192.415
3,197.2429
2,197.2429
2,197.2429
4,197.2429
2,198.0329
2,198.0329
1,198.0329
2,198.0329
1,200.5786
2,200.5786
2,200.5786
1,200.5786
0,199.5252
0,199.5252
1,199.5252
0,199.5252
1,192.1516
1,192.1516
1,192.1516
0,192.1516
2,189.6938
2,189.6938
2,189.6938
1,189.6938
0,197.1551
0,197.1551
0,197.1551
0,197.1551
0,188.9038
0,188.9038
0,188.9038
0,169.2409
0,169.2409
1,177.3167
0,177.3167
1,196.804
0,196.804
2,185.1292
1,185.1292
0,180.7402
0,180.7402
0,47.1382
0,47.1382
0,47.1382
0,47.1382
0,19.5751
0,19.5751
0,19.5751
0,19.5751
0,95.3297
0,95.3297
0,95.3297
0,95.3297
0,134.4798
0,134.4798
0,134.4798
0,134.4798
0,92.6085
0,92.6085
0,92.6085
0,92.6085
0,106.4778
0,106.4778
0,106.4778
0,106.4778
0,71.19
0,71.19
0,71.19
0,71.19
0,47.0504
0,47.0504
0,47.0504
0,47.0504
2,124.9995
0,124.9995
0,124.9995
0,124.9995
0,115.0803
0,115.0803
0,115.0803
0,115.0803
0,78.2125
0,78.2125
0,78.2125
0,78.2125
0,84.6205
0,84.6205
0,84.6205
0,84.6205
0,107.3556
0,107.3556
0,107.3556
0,107.3556
0,115.9581
0,115.9581
0,115.9581
0,115.9581
0,161.2529
0,161.2529
0,161.2529
0,161.2529
0,175.5611
0,175.5611
0,175.5611
0,175.5611
0,132.3731
0,132.3731
0,132.3731
0,132.3731
0,142.6434
0,142.6434
0,142.6434
0,142.6434
0,141.7656
0,141.7656
0,141.7656
0,141.7656
0,115.2559
0,115.2559
0,115.2559
0,115.2559
0,127.8963
0,127.8963
0,127.8963
0,127.8963
0,108.8479
0,108.8479
0,108.8479
0,108.8479
0,135.7965
1,135.7965
0,135.7965
0,135.7965
0,94.1008
0,94.1008
0,94.1008
0,94.1008
0,122.015
0,122.015
0,122.015
0,122.015
0,173.0155
0,173.0155
0,164.413
0,164.413
0,158.5317
0,158.5317
1,133.7776
0,133.7776
0,138.7811
0,138.7811
1,149.5781
0,149.5781
0,149.5781
0,149.5781
0,149.3147
0,149.3147
0,149.3147
0,149.3147
0,164.8519
0,164.8519
0,164.8519
1,164.8519
0,169.8554
0,169.8554
0,169.8554
0,169.8554
2,168.7142
1,168.7142
2,168.7142
1,168.7142
0,176.7023
0,176.7023
2,176.7023
0,176.7023
0,181.7935
0,181.7935
0,181.7935
0,181.7935
0,165.6419
0,165.6419
0,165.6419
0,165.6419
3,154.8449
4,154.8449
3,154.8449
1,154.8449
2,155.8983
4,155.8983
3,155.8983
2,155.8983
0,145.7157
2,145.7157
0,145.7157
0,145.7157
0,159.1461
1,159.1461
0,159.1461
0,171.2599
0,171.2599
0,171.2599
1,150.7192
0,150.7192
0,150.7192
0,150.7192
0,140.01
0,140.01
0,140.01
0,140.01
0,130.6175
0,130.6175
0,130.6175
0,130.6175
0,142.7312
0,142.7312
0,142.7312
0,142.7312
0,133.6898
2,133.6898
0,175.21
0,175.21
0,175.21
0,175.21
1,177.3167
0,177.3167
1,177.3167
1,177.3167
1,186.0948
2,186.0948
2,186.0948
3,186.0948
1,191.2738
0,191.2738
3,191.2738
3,191.2738
2,182.7591
0,182.7591
1,182.7591
0,182.7591
2,175.4733
1,175.4733
2,175.4733
2,175.4733
0,136.411
0,136.411
0,136.411
0,136.411
0,120.6983
0,120.6983
0,146.1546
0,148.2614
0,148.2614
0,148.5247
0,148.5247
0,111.5691
0,111.5691
0,102.9666
0,102.9666
0,102.9666
1,102.9666
3,180.9157
0,180.9157
0,180.9157
4,180.9157
2,182.0569
2,182.0569
1,182.0569
1,182.0569
5,183.7247
4,183.7247
1,183.7247
2,183.7247
1,125.7895
1,125.7895
1,125.7895
1,125.7895
2,148.788
1,148.788
3,148.788
3,148.788
2,149.5781
2,149.5781
2,149.5781
2,149.5781
3,158.005
1,158.005
0,158.005
0,158.005
0,127.4574
0,127.4574
0,127.4574
0,127.4574
0,104.7222
0,104.7222
0,104.7222
0,104.7222
0,152.1237
0,152.1237
0,152.1237
0,152.1237
0,125.2629
0,125.2629
0,125.2629
0,125.2629
0,141.1511
0,141.1511
0,141.1511
0,141.1511
0,133.0753
0,133.0753
0,133.0753
0,133.0753
0,135.9721
0,135.9721
0,135.9721
0,135.9721
0,96.2953
0,96.2953
0,96.2953
0,96.2953
0,88.2195
0,88.2195
0,88.2195
0,88.2195
0,91.4673
0,91.4673
0,91.4673
0,91.4673
0,87.8683
0,87.8683
0,87.8683
0,87.8683
0,125.4384
0,125.4384
0,125.4384
0,125.4384
0,135.9721
0,135.9721
0,135.9721
0,135.9721
0,87.5172
0,87.5172
0,87.5172
0,87.5172
0,83.6549
0,83.6549
0,83.6549
0,83.6549
0,100.8599
0,100.8599
0,100.8599
0,76.808
0,76.808
0,76.808
0,96.7342
0,140.1855
0,146.0668
1,117.7137
0,127.2818
0,6.7591
0,6.7591
0,6.7591
0,6.7591
0,41.3446
0,41.3446
0,41.3446
0,41.3446
0,92.2574
0,92.2574
0,92.2574
0,92.2574
3,156.6883
1,156.6883
0,156.6883
0,156.6883
1,120.1716
0,120.1716
0,120.1716
0,120.1716
0,62.9387
0,62.9387
0,62.9387
0,62.9387
0,41.0813
0,41.0813
0,41.0813
0,41.0813
1,95.5052
0,95.5052
0,95.5052
0,95.5052
0,143.0823
1,143.0823
0,143.0823
0,143.0823
1,172.401
0,172.401
0,172.401
0,172.401
2,177.9312
1,177.9312
1,177.9312
1,177.9312
1,148.1736
0,148.1736
1,148.1736
0,148.1736
0,135.4454
1,135.4454
0,135.4454
0,135.4454
2,113.9392
0,113.9392
0,113.9392
1,113.9392
3,177.5801
0,177.5801
2,177.5801
3,177.5801
1,185.6559
0,185.6559
1,185.6559
1,185.6559
0,128.2474
0,128.2474
0,128.2474
0,128.2474
0,93.1352
0,93.1352
0,93.1352
0,93.1352
0,94.8908
0,94.8908
0,94.8908
0,94.8908
0,157.0394
0,157.0394
0,157.0394
0,157.0394
0,108.409
0,108.409
1,108.409
0,108.409
0,75.5791
0,75.5791
0,75.5791
0,75.5791
0,88.4828
0,88.4828
0,88.4828
0,88.4828
0,116.4848
0,116.4848
0,116.4848
0,116.4848
0,108.6723
0,108.6723
0,108.6723
0,108.6723
0,129.3885
2,129.3885
0,115.7826
1,115.7826
1,120.8738
1,120.8738
0,123.6828
0,123.6828
0,116.2215
0,116.2215
0,25.4564
0,25.4564
0,25.4564
0,25.4564
0,5.0913
0,5.0913
0,5.0913
0,5.0913
0,4.1257
0,4.1257
0,4.1257
0,4.1257
0,5.7935
0,5.7935
0,5.7935
0,5.7935
0,23.7008
0,23.7008
0,23.7008
0,23.7008
0,34.2344
0,34.2344
0,34.2344
0,34.2344
0,8.1636
0,8.1636
0,8.1636
0,28.0898
0,28.0898
0,28.0898
0,37.0434
0,37.0434
0,37.0434
0,50.2105
0,50.2105
0,50.2105
0,23.1741
0,23.1741
0,23.1741
0,23.1741
0,12.816
0,12.816
0,12.816
0,12.816
0,40.5546
0,40.5546
0,40.5546
0,40.5546
0,101.7377
0,101.7377
0,101.7377
0,101.7377
0,91.2918
0,91.2918
0,91.2918
0,91.2918
1,51.9661
0,51.9661
0,51.9661
0,51.9661
0,32.9177
0,32.9177
0,32.9177
0,32.9177
0,5.4424
0,5.4424
0,5.4424
0,46.0848
0,46.0848
0,46.0848
0,46.0848
0,87.6928
0,87.6928
0,87.6928
0,105.0733
0,105.0733
0,105.0733
0,105.0733
1,149.4903
0,149.4903
1,149.4903
1,149.4903
3,189.0793
0,189.0793
1,189.0793
1,189.0793
3,191.0983
1,191.0983
1,191.0983
0,191.0983
1,174.5955
0,174.5955
0,174.5955
2,174.5955
0,150.4559
2,150.4559
0,69.6978
0,69.6978
0,80.1436
0,80.1436
0,166.6953
0,166.6953
0,176.4389
0,176.4389
0,70.8389
0,70.8389
0,70.8389
0,70.8389
0,147.3836
0,147.3836
0,147.3836
0,147.3836
0,106.4778
0,106.4778
0,106.4778
0,106.4778
0,115.6948
0,115.6948
0,115.6948
0,115.6948
0,142.3801
1,142.3801
1,142.3801
2,142.3801
2,178.1067
1,178.1067
2,178.1067
3,178.1067
1,128.5107
1,128.5107
1,128.5107
1,128.5107
0,107.7945
0,107.7945
0,107.7945
0,107.7945
1,157.0394
2,157.0394
0,157.0394
0,157.0394
2,166.9586
3,166.9586
1,166.9586
0,166.9586
0,159.4973
2,159.4973
0,159.4973
1,159.4973
0,168.802
0,168.802
0,168.802
0,168.802
0,142.3801
0,142.3801
0,142.3801
0,142.3801
0,127.3696
1,127.3696
2,127.3696
0,127.3696
1,157.0394
2,157.0394
1,157.0394
1,157.0394
1,162.6574
0,162.6574
0,162.6574
2,162.6574
0,176.4389
1,176.4389
1,176.4389
3,176.4389
2,169.6798
3,169.6798
1,169.6798
2,169.6798
3,171.2599
2,171.2599
2,171.2599
5,171.2599
2,152.1237
0,152.1237
2,152.1237
3,152.1237
0,119.9082
1,119.9082
0,119.9082
0,119.9082
0,94.1885
0,94.1885
0,94.1885
0,94.1885
0,90.2384
0,90.2384
0,90.2384
0,90.2384
0,125.1751
0,125.1751
2,125.1751
0,125.1751
0,176.1756
0,176.1756
0,176.1756
0,176.1756
0,167.1342
0,167.1342
0,153.7038
0,153.7038
0,172.0499
0,172.0499
0,140.2733
0,140.2733
0,148.5247
0,148.5247
0,61.8853
0,61.8853
0,61.8853
0,61.8853
0,105.8634
0,105.8634
0,105.8634
0,105.8634
0,116.2215
0,116.2215
0,116.2215
0,116.2215
0,114.1147
0,114.1147
0,114.1147
0,114.1147
0,78.1247
0,78.1247
0,78.1247
0,78.1247
0,110.1646
0,110.1646
0,110.1646
0,110.1646
0,137.4644
0,137.4644
0,137.4644
0,137.4644
0,102.2643
0,102.2643
0,102.2643
0,102.2643
2,132.5486
2,132.5486
1,132.5486
1,132.5486
2,148.788
3,148.788
1,148.788
0,148.788
1,162.394
0,162.394
2,162.394
2,162.394
0,144.6624
1,144.6624
1,144.6624
1,144.6624
0,138.2544
0,138.2544
2,138.2544
1,138.2544
2,152.4748
1,152.4748
1,152.4748
0,152.4748
0,152.9137
1,152.9137
0,152.9137
2,152.9137
1,116.5726
0,116.5726
0,116.5726
1,116.5726
0,92.1696
0,92.1696
0,92.1696
0,92.1696
0,142.9945
0,142.9945
0,142.9945
0,142.9945
1,142.819
0,142.819
2,142.819
1,142.819
0,119.1182
1,119.1182
2,119.1182
1,119.1182
0,94.3641
0,94.3641
0,94.3641
1,94.3641
0,126.2284
0,126.2284
0,126.2284
0,126.2284
0,134.0409
0,134.0409
0,134.0409
0,134.0409
0,161.3407
0,161.3407
0,161.3407
0,161.3407
1,127.9841
0,127.9841
0,127.9841
0,127.9841
0,146.6813
0,146.6813
0,186.1826
0,186.1826
0,158.1806
0,158.1806
0,143.1701
0,143.1701
0,146.0668
0,146.0668
0,88.4828
0,88.4828
0,88.4828
0,88.4828
0,49.1571
0,49.1571
0,49.1571
0,49.1571
0,38.3601
0,38.3601
0,38.3601
0,38.3601
0,58.5496
0,58.5496
1,58.5496
1,58.5496
0,18.8728
0,18.8728
0,18.8728
0,18.8728
0,34.3222
0,34.3222
0,34.3222
0,34.3222
0,33.62
0,33.62
0,33.62
0,33.62
0,42.4858
0,42.4858
1,42.4858
0,42.4858
0,9.0414
0,9.0414
0,9.0414
0,9.0414
0,62.5875
1,62.5875
0,62.5875
0,62.5875
2,152.0359
2,152.0359
4,152.0359
1,152.0359
0,86.6394
0,86.6394
0,86.6394
0,86.6394
0,1.4045
0,1.4045
0,1.4045
0,1.4045
0,12.6404
0,12.6404
0,12.6404
0,12.6404
2,34.7611
0,34.7611
0,34.7611
0,34.7611
1,56.6185
0,56.6185
0,56.6185
0,56.6185
0,110.3402
0,110.3402
0,110.3402
1,110.3402
1,113.2369
0,113.2369
1,113.2369
0,91.1162
0,91.1162
0,91.1162
0,91.1162
0,125.5262
0,125.5262
1,125.5262
0,125.5262
0,74.6135
1,74.6135
0,74.6135
0,74.6135
0,30.4599
0,30.4599
0,30.4599
0,30.4599
0,15.0105
0,15.0105
0,15.0105
0,15.0105
0,13.7815
0,13.7815
0,13.7815
0,13.7815
0,10.007
0,10.007
0,10.007
0,10.007
0,39.2379
0,39.2379
0,131.8464
0,131.8464
0,184.1636
1,184.1636
2,98.5776
2,98.5776
0,83.7427
0,83.7427
0,163.623
0,163.623
0,163.623
0,163.623
0,180.7402
0,180.7402
0,180.7402
0,180.7402
0,199.7885
2,199.7885
0,199.7885
1,199.7885
0,198.9985
0,198.9985
0,198.9985
0,198.9985
0,198.3841
0,198.3841
0,198.3841
0,198.3841
0,200.403
2,200.403
2,200.403
1,200.403
0,189.5182
1,189.5182
0,189.5182
0,189.5182
0,192.1516
0,192.1516
1,192.1516
0,192.1516
0,199.7008
2,199.7008
0,199.7008
0,199.7008
0,200.4908
1,200.4908
0,200.4908
2,200.4908
1,199.7885
0,199.7885
0,199.7885
1,199.7885
0,197.8574
0,197.8574
0,197.8574
0,197.8574
1,195.4873
0,195.4873
0,195.4873
0,195.4873
1,197.6818
3,197.6818
1,197.6818
0,197.6818
0,199.5252
0,199.5252
0,199.5252
0,199.5252
0,191.0105
0,191.0105
0,191.0105
0,191.0105
0,172.1377
0,172.1377
0,172.1377
0,172.1377
0,172.5766
0,172.5766
0,172.5766
0,172.5766
2,194.9606
1,194.9606
0,194.9606
0,194.9606
0,169.4165
0,169.4165
0,169.4165
1,169.4165
0,172.6644
0,172.6644
0,172.6644
0,172.6644
0,183.0225
0,183.0225
0,183.0225
0,183.0225
0,194.3462
0,194.3462
1,194.3462
0,194.3462
1,198.4718
1,198.4718
1,198.4718
1,198.4718
0,183.2858
0,183.2858
0,183.2858
3,183.2858
0,169.8554
0,169.8554
1,196.7162
0,196.7162
1,198.9985
1,198.9985
0,198.2085
1,198.2085
1,197.8574
2,197.8574
0,114.2903
0,114.2903
0,114.2903
0,114.2903
3,144.2235
0,144.2235
0,144.2235
0,144.2235
1,150.4559
0,150.4559
0,150.4559
0,150.4559
0,96.4708
0,96.4708
0,96.4708
0,96.4708
0,42.4858
0,42.4858
0,42.4858
0,42.4858
0,19.3995
0,19.3995
0,19.3995
0,19.3995
0,32.6544
0,32.6544
0,32.6544
0,32.6544
0,46.8748
0,46.8748
0,46.8748
0,46.8748
0,57.8474
0,57.8474
0,57.8474
0,57.8474
1,95.1541
0,95.1541
0,95.1541
0,95.1541
0,102.6155
0,102.6155
0,102.6155
0,102.6155
2,138.2544
1,138.2544
1,138.2544
0,138.2544
0,106.2145
0,106.2145
0,106.2145
0,106.2145
0,95.7686
0,95.7686
0,95.7686
0,95.7686
0,93.3985
0,93.3985
0,93.3985
0,93.3985
0,106.3023
0,106.3023
0,106.3023
0,106.3023
0,112.008
0,112.008
0,112.008
0,112.008
0,119.0304
0,119.0304
0,119.0304
0,119.0304
1,82.8648
1,82.8648
0,82.8648
1,82.8648
0,44.2414
0,44.2414
0,44.2414
0,44.2414
1,85.9372
1,85.9372
1,85.9372
0,85.9372
0,120.5227
0,120.5227
2,120.5227
0,120.5227
0,108.5845
0,108.5845
0,108.5845
1,108.5845
1,151.2459
1,151.2459
0,151.2459
1,151.2459
0,148.788
0,148.788
0,148.788
0,148.788
0,151.1581
0,151.1581
0,149.9292
0,149.9292
0,139.6589
0,139.6589
0,105.9511
0,105.9511
0,73.1212
0,73.1212
0,168.8898
0,168.8898
0,168.8898
0,168.8898
0,182.408
0,182.408
0,182.408
0,182.408
0,177.2289
1,177.2289
0,177.2289
0,177.2289
0,159.7606
0,159.7606
0,159.7606
0,159.7606
0,145.8035
0,145.8035
2,145.8035
0,145.8035
0,58.9885
0,58.9885
0,58.9885
0,58.9885
0,32.5666
0,32.5666
0,32.5666
0,32.5666
0,56.6185
0,56.6185
0,56.6185
0,56.6185
0,110.7791
0,110.7791
0,110.7791
0,110.7791
0,56.5307
0,56.5307
0,56.5307
0,56.5307
0,42.8369
0,42.8369
0,42.8369
0,42.8369
0,101.6499
0,101.6499
0,101.6499
0,101.6499
0,90.5895
0,90.5895
0,90.5895
0,90.5895
0,113.588
0,113.588
0,113.588
0,113.588
0,161.5162
0,161.5162
0,161.5162
0,161.5162
0,147.5591
0,147.5591
0,147.5591
0,147.5591
0,170.821
0,170.821
0,170.821
0,170.821
0,159.6728
0,159.6728
0,159.6728
0,159.6728
0,118.416
0,118.416
0,118.416
0,118.416
2,89.9751
0,89.9751
1,89.9751
0,89.9751
0,81.0215
0,81.0215
0,81.0215
0,81.0215
0,78.0369
0,78.0369
0,78.0369
1,78.0369
0,100.1576
0,100.1576
0,100.1576
0,100.1576
0,149.3147
0,149.3147
0,149.3147
0,149.3147
0,112.008
0,112.008
0,112.008
0,112.008
0,99.0165
0,99.0165
0,98.7531
0,98.7531
0,95.6808
0,95.6808
0,98.9287
0,78.8269
0,151.0703
0,151.0703
0,151.0703
0,151.0703
1,122.4539
0,122.4539
0,122.4539
0,122.4539
0,110.0768
0,110.0768
0,110.0768
0,110.0768
0,116.397
0,116.397
0,116.397
0,116.397
0,160.7262
0,160.7262
0,160.7262
0,160.7262
0,189.606
0,189.606
0,189.606
2,189.606
2,195.0484
1,195.0484
2,195.0484
1,195.0484
0,192.8539
1,192.8539
0,192.8539
0,192.8539
1,185.6559
1,185.6559
0,185.6559
0,185.6559
0,181.0913
1,181.0913
0,181.0913
0,181.0913
2,190.8349
0,190.8349
0,190.8349
2,190.8349
0,181.5302
0,181.5302
0,181.5302
1,181.5302
0,151.1581
0,151.1581
0,151.1581
0,151.1581
0,150.8948
0,150.8948
0,150.8948
0,150.8948
0,159.1461
0,159.1461
0,159.1461
0,159.1461
0,137.7277
0,137.7277
0,137.7277
0,137.7277
0,154.2304
0,154.2304
0,154.2304
0,154.2304
0,183.7247
0,183.7247
0,183.7247
0,183.7247
0,186.4459
1,186.4459
2,186.4459
0,186.4459
1,177.4045
0,177.4045
0,177.4045
0,177.4045
0,140.4489
0,140.4489
0,140.4489
0,140.4489
0,121.0494
0,121.0494
1,121.0494
0,121.0494
2,149.2269
0,149.2269
1,149.2269
2,149.2269
0,168.802
0,168.802
0,168.802
0,168.802
0,142.1167
0,142.1167
0,142.1167
0,142.1167
0,116.9237
0,116.9237
0,159.0584
0,159.0584
0,181.3546
0,181.3546
0,180.6524
0,180.6524
0,148.1736
0,148.1736
0,74.9646
0,74.9646
0,74.9646
0,74.9646
0,45.3825
0,45.3825
0,45.3825
0,45.3825
0,95.8564
0,95.8564
0,95.8564
0,95.8564
0,114.817
0,114.817
0,114.817
0,114.817
0,121.9272
0,121.9272
0,121.9272
0,121.9272
0,90.6773
0,90.6773
0,90.6773
0,90.6773
0,109.8135
0,109.8135
0,109.8135
0,109.8135
0,126.5796
0,126.5796
0,126.5796
0,126.5796
0,150.6314
0,150.6314
0,150.6314
0,150.6314
0,161.5162
0,161.5162
1,161.5162
0,161.5162
0,102.7033
0,102.7033
0,102.7033
0,102.7033
0,79.0025
0,79.0025
0,79.0025
0,79.0025
0,107.4434
1,107.4434
1,107.4434
0,107.4434
0,129.0374
0,129.0374
0,129.0374
0,129.0374
0,119.9082
0,119.9082
0,119.9082
0,119.9082
0,116.8359
0,116.8359
0,116.8359
0,116.8359
2,106.2145
0,106.2145
0,106.2145
0,106.2145
0,125.7895
0,125.7895
0,125.7895
0,125.7895
0,156.5127
0,156.5127
0,156.5127
0,156.5127
0,119.1182
0,119.1182
0,119.1182
0,119.1182
0,57.9352
0,57.9352
0,57.9352
0,57.9352
0,35.8145
0,35.8145
0,36.0778
0,36.0778
0,49.4205
0,49.4205
0,70.4878
0,70.4878
0,74.0868
0,74.0868
0,139.3955
0,139.3955
0,113.0614
0,113.0614
0,95.4175
0,95.4175
0,120.5227
0,120.5227
0,110.9546
0,110.9546
0,110.9546
0,110.9546
0,37.3945
0,37.3945
0,37.3945
0,37.3945
0,37.1312
0,37.1312
0,37.1312
0,37.1312
0,80.1436
0,80.1436
0,80.1436
0,80.1436
0,88.395
0,88.395
0,88.395
0,88.395
0,103.3177
0,103.3177
0,103.3177
0,103.3177
0,175.0344
0,175.0344
0,175.0344
0,175.0344
0,164.1496
0,164.1496
0,164.1496
0,164.1496
0,157.3905
0,157.3905
0,157.3905
0,157.3905
0,167.6609
0,167.6609
0,167.6609
0,167.6609
0,134.0409
0,134.0409
0,134.0409
0,134.0409
2,147.208
2,147.208
0,147.208
1,147.208
0,161.0773
0,161.0773
0,161.0773
0,161.0773
0,131.4075
0,131.4075
0,131.4075
0,131.4075
0,82.6893
0,82.6893
0,82.6893
0,82.6893
0,93.6619
0,93.6619
0,93.6619
0,93.6619
0,80.3192
0,80.3192
0,80.3192
0,80.3192
0,60.4808
0,60.4808
0,60.4808
0,60.4808
0,55.4773
0,55.4773
0,55.4773
0,55.4773
0,25.7197
0,25.7197
0,25.7197
0,25.7197
0,84.006
0,84.006
0,84.006
0,84.006
0,148.4369
0,148.4369
1,148.4369
0,148.4369
1,188.3771
2,188.3771
1,188.3771
0,188.3771
0,190.9227
0,190.9227
0,190.9227
0,190.9227
0,126.4918
0,126.4918
0,126.4918
0,126.4918
0,81.8993
0,81.8993
0,78.2125
0,78.2125
1,133.7776
0,133.7776
1,170.6454
0,170.6454
1,167.5731
0,167.5731
0,58.1985
0,58.1985
0,58.1985
0,58.1985
0,82.6015
0,82.6015
1,82.6015
0,82.6015
1,108.409
1,108.409
1,108.409
0,108.409
2,131.2319
3,131.2319
2,131.2319
0,131.2319
0,103.0544
0,103.0544
1,103.0544
0,103.0544
2,137.2888
2,137.2888
2,137.2888
3,137.2888
2,155.5471
3,155.5471
2,155.5471
0,155.5471
0,138.6055
0,138.6055
1,138.6055
0,138.6055
0,124.385
0,124.385
0,124.385
0,124.385
0,115.8703
0,115.8703
0,115.8703
0,115.8703
2,105.8634
2,105.8634
3,105.8634
1,105.8634
0,124.5606
0,124.5606
0,124.5606
0,124.5606
1,143.6968
0,143.6968
2,143.6968
2,143.6968
1,164.8519
0,164.8519
1,164.8519
0,164.8519
2,174.2444
2,174.2444
3,174.2444
0,174.2444
0,170.0309
0,170.0309
0,170.0309
0,170.0309
0,169.2409
0,169.2409
0,169.2409
0,169.2409
3,173.5422
3,173.5422
3,173.5422
0,173.5422
0,199.2619
0,199.2619
3,199.2619
0,199.2619
2,200.3152
3,200.3152
1,200.3152
3,200.3152
0,166.9586
2,166.9586
3,166.9586
1,166.9586
0,168.9776
0,168.9776
1,168.9776
0,168.9776
2,167.1342
3,167.1342
2,167.1342
1,167.1342
0,167.3975
1,167.3975
3,167.3975
0,167.3975
2,185.1292
4,185.1292
1,185.1292
1,185.1292
1,174.2444
1,174.2444
2,155.5471
0,155.5471
3,127.1062
1,127.1062
1,75.4913
0,75.4913
0,87.8683
0,87.8683
0,35.1122
0,35.1122
0,35.1122
0,35.1122
0,13.6938
0,13.6938
0,13.6938
0,13.6938
0,37.6579
0,37.6579
0,37.6579
0,37.6579
0,33.0055
0,33.0055
0,33.0055
0,33.0055
0,20.7162
0,20.7162
0,20.7162
0,20.7162
0,9.4803
0,9.4803
0,9.4803
0,9.4803
0,1.6678
0,1.6678
0,1.6678
0,1.6678
0,0.6145
0,0.6145
0,0.6145
0,0.6145
0,2.1067
0,2.1067
0,2.1067
0,2.1067
0,21.3307
0,21.3307
0,21.3307
0,21.3307
0,51.8783
0,51.8783
0,51.8783
0,51.8783
0,81.987
0,81.987
0,81.987
0,81.987
0,78.8269
0,78.8269
0,78.8269
0,66.5377
0,66.5377
0,66.5377
0,66.5377
0,88.9217
0,88.9217
0,88.9217
0,88.9217
0,49.2449
0,49.2449
0,49.2449
0,49.2449
0,25.4564
0,25.4564
0,25.4564
0,25.4564
0,29.3187
0,29.3187
0,29.3187
0,29.3187
0,25.1052
0,25.1052
0,25.1052
0,25.1052
1,80.4948
0,80.4948
1,80.4948
1,80.4948
0,105.1611
0,105.1611
0,105.1611
0,105.1611
0,58.4619
0,58.4619
0,58.4619
0,58.4619
0,45.2948
0,45.2948
0,45.2948
0,45.2948
0,36.4289
0,36.4289
0,36.4289
0,36.4289
0,12.7282
0,12.7282
0,12.7282
0,12.7282
0,6.6713
0,6.6713
0,18.785
0,18.785
0,26.4219
0,26.4219
0,28.1776
0,28.1776
0,33.8833
0,33.8833
1,57.1451
1,57.1451
0,57.1451
0,57.1451
0,57.3207
0,57.3207
0,57.3207
0,57.3207
0,51.4394
0,51.4394
0,51.4394
0,51.4394
0,59.1641
0,59.1641
0,59.1641
0,59.1641
0,26.1586
0,26.1586
0,26.1586
0,26.1586
0,5.0035
0,5.0035
0,5.0035
0,5.0035
0,50.1227
0,50.1227
0,50.1227
0,50.1227
0,88.5706
0,88.5706
0,88.5706
0,88.5706
0,50.7372
0,50.7372
0,50.7372
0,50.7372
0,33.3566
0,33.3566
0,33.3566
0,33.3566
0,88.1317
0,88.1317
0,88.1317
0,88.1317
0,99.8943
0,99.8943
0,99.8943
0,99.8943
0,63.3776
0,63.3776
0,63.3776
0,63.3776
0,44.7681
0,44.7681
0,44.7681
0,44.7681
0,58.2863
0,58.2863
0,58.2863
0,58.2863
0,94.1885
2,94.1885
0,94.1885
0,94.1885
0,75.4035
0,75.4035
0,75.4035
0,75.4035
0,61.7097
0,61.7097
0,61.7097
0,61.7097
0,93.3107
0,93.3107
0,93.3107
0,93.3107
0,113.5003
0,113.5003
0,113.5003
0,113.5003
3,131.7586
0,131.7586
1,131.7586
1,131.7586
0,92.9596
1,92.9596
0,92.9596
0,92.9596
0,80.0559
0,80.0559
0,80.0559
0,80.0559
0,90.8529
0,90.8529
0,90.8529
0,90.8529
0,77.598
0,77.598
0,77.598
0,77.598
0,66.2743
0,66.2743
0,82.4259
0,82.4259
0,92.0818
0,92.0818
0,109.2868
0,109.2868
0,128.423
0,128.423
0,177.3167
0,177.3167
1,177.3167
0,177.3167
0,183.8125
0,183.8125
0,183.8125
0,183.8125
0,198.7352
0,198.7352
0,198.7352
0,198.7352
0,181.3546
0,181.3546
0,181.3546
0,181.3546
0,131.4075
0,131.4075
0,131.4075
0,131.4075
0,156.7761
0,156.7761
0,156.7761
0,156.7761
0,119.7327
0,119.7327
0,119.7327
0,119.7327
0,180.3013
0,180.3013
0,180.3013
0,180.3013
0,157.6539
0,157.6539
0,157.6539
0,157.6539
0,193.9072
0,193.9072
0,193.9072
0,193.9072
0,187.1481
0,187.1481
0,187.1481
0,187.1481
2,185.0414
0,185.0414
2,185.0414
0,185.0414
1,192.1516
0,192.1516
0,192.1516
0,192.1516
1,185.4803
1,185.4803
0,185.4803
0,185.4803
1,190.4838
0,190.4838
2,190.4838
1,190.4838
2,199.1741
2,199.1741
0,199.1741
0,199.1741
2,198.6474
0,198.6474
0,198.6474
0,198.6474
1,197.2429
0,197.2429
0,197.2429
0,197.2429
2,169.3287
0,169.3287
2,169.3287
1,169.3287
1,191.0983
0,191.0983
0,191.0983
0,191.0983
0,190.9227
1,190.9227
0,190.9227
0,190.9227
1,197.594
0,197.594
0,197.594
0,197.594
1,199.8763
0,199.8763
0,199.8763
2,199.8763
3,199.5252
2,199.5252
2,199.5252
0,199.5252
2,186.7092
1,186.7092
1,186.7092
2,186.7092
0,177.8434
0,177.8434
1,160.024
0,160.024
2,197.3307
0,197.3307
0,190.9227
0,190.9227
0,176.9656
0,176.9656
0,127.194
0,127.194
0,127.194
0,127.194
0,48.1037
0,48.1037
0,48.1037
0,48.1037
0,88.7461
0,88.7461
0,88.7461
0,88.7461
0,136.3232
0,136.3232
0,136.3232
0,136.3232
0,139.6589
0,139.6589
0,139.6589
0,139.6589
0,125.0873
0,125.0873
0,125.0873
0,125.0873
0,131.0564
0,131.0564
0,131.0564
0,131.0564
0,165.4663
0,165.4663
0,165.4663
0,165.4663
1,140.6245
2,140.6245
0,140.6245
0,140.6245
0,156.0738
0,156.0738
0,156.0738
0,156.0738
0,143.8723
0,143.8723
0,143.8723
0,143.8723
0,122.9806
0,122.9806
0,122.9806
0,122.9806
0,116.7481
0,116.7481
0,116.7481
0,116.7481
0,78.5636
0,78.5636
0,78.5636
0,78.5636
0,76.2813
0,76.2813
0,76.2813
0,76.2813
0,142.2923
1,142.2923
0,142.2923
0,142.2923
0,178.1945
0,178.1945
0,178.1945
0,178.1945
0,171.3476
0,171.3476
0,171.3476
0,171.3476
0,178.8968
0,178.8968
0,178.8968
0,178.8968
0,183.8125
0,183.8125
0,183.8125
0,183.8125
1,162.0429
0,162.0429
1,162.0429
1,162.0429
0,169.4165
0,169.4165
0,169.4165
0,169.4165
0,155.3716
0,155.3716
0,155.3716
0,155.3716
0,164.8519
0,164.8519
0,164.8519
0,164.8519
0,166.1686
0,166.1686
0,166.1686
0,166.1686
0,182.5836
0,182.5836
0,154.5816
0,154.5816
0,97.0853
0,97.0853
0,105.3367
0,105.3367
0,84.4449
0,84.4449
0,79.5292
1,79.5292
0,79.5292
0,79.5292
1,9.217
0,9.217
0,9.217
0,9.217
0,20.6284
0,20.6284
0,20.6284
0,20.6284
1,57.584
0,57.584
0,57.584
0,57.584
0,65.9232
0,65.9232
0,65.9232
0,65.9232
0,85.3227
0,85.3227
0,85.3227
0,85.3227
0,87.4294
0,87.4294
0,87.4294
0,87.4294
0,115.7826
0,115.7826
0,115.7826
0,115.7826
0,112.8858
0,112.8858
0,112.8858
0,112.8858
0,134.1287
0,134.1287
0,134.1287
0,134.1287
0,158.9706
0,158.9706
0,158.9706
0,158.9706
0,144.3112
0,144.3112
0,144.3112
0,144.3112
0,147.0324
0,147.0324
0,147.0324
0,147.0324
0,126.9307
0,126.9307
0,126.9307
0,126.9307
0,132.5486
0,132.5486
0,132.5486
0,132.5486
0,161.0773
0,161.0773
0,161.0773
0,161.0773
1,122.2783
0,122.2783
0,122.2783
0,122.2783
0,111.3057
0,111.3057
0,111.3057
0,111.3057
0,91.4673
0,91.4673
0,91.4673
0,91.4673
0,57.6718
0,57.6718
0,57.6718
0,57.6718
0,95.9441
0,95.9441
0,95.9441
0,98.5776
0,98.5776
0,98.5776
0,89.5362
0,89.5362
0,89.5362
0,96.7342
0,96.7342
0,96.7342
0,69.8733
0,69.8733
0,69.8733
0,16.9416
0,42.8369
0,20.804
0,33.1811
0,48.7182
4,198.0329
0,198.0329
3,198.0329
6,198.0329
2,198.2963
3,198.2963
1,198.2963
3,198.2963
4,197.7696
2,197.7696
3,197.7696
7,197.7696
4,190.9227
0,190.9227
1,190.9227
2,190.9227
1,183.9003
0,183.9003
1,183.9003
2,183.9003
0,135.7965
0,135.7965
0,135.7965
0,135.7965
4,150.2803
1,150.2803
2,150.2803
5,150.2803
0,165.1152
0,165.1152
2,165.1152
1,165.1152
2,144.7501
0,144.7501
1,144.7501
0,144.7501
0,156.3372
0,156.3372
0,156.3372
0,156.3372
0,135.7087
0,135.7087
0,135.7087
0,135.7087
0,108.3212
0,108.3212
0,108.3212
0,108.3212
0,68.1177
0,68.1177
0,68.1177
0,68.1177
0,98.7531
0,98.7531
0,98.7531
0,98.7531
0,93.4863
2,93.4863
0,93.4863
0,93.4863
0,101.8254
1,101.8254
0,101.8254
0,101.8254
0,98.5776
0,98.5776
0,98.5776
0,98.5776
0,69.1711
0,69.1711
0,69.1711
0,69.1711
0,174.7711
0,174.7711
0,174.7711
0,174.7711
3,201.193
1,201.193
1,201.193
0,201.193
2,197.4185
0,197.4185
0,197.4185
0,197.4185
0,198.5596
0,198.5596
3,198.5596
1,198.5596
2,181.8813
2,181.8813
0,181.8813
0,181.8813
0,182.6713
0,182.6713
0,182.6713
0,182.6713
0,165.4663
0,165.4663
0,165.4663
0,165.4663
0,104.4589
0,104.4589
0,96.0319
0,96.0319
0,87.0783
0,87.0783
0,59.2519
0,59.2519
0,88.6584
0,88.6584
0,66.2743
0,66.2743
0,66.2743
0,66.2743
0,46.8748
0,46.8748
0,46.8748
0,46.8748
0,69.9611
0,69.9611
0,69.9611
0,69.9611
0,130.4419
0,130.4419
0,130.4419
0,130.4419
0,121.9272
0,121.9272
0,121.9272
0,121.9272
0,93.3107
0,93.3107
0,93.3107
0,93.3107
0,43.9781
0,43.9781
0,43.9781
0,43.9781
0,77.2469
0,77.2469
0,77.2469
0,77.2469
0,81.8115
0,81.8115
0,81.8115
0,81.8115
0,80.7581
0,80.7581
1,80.7581
0,80.7581
0,75.5791
0,75.5791
0,75.5791
0,75.5791
0,113.6758
0,113.6758
0,113.6758
0,113.6758
1,130.8808
1,130.8808
0,130.8808
0,130.8808
0,53.3706
0,53.3706
0,53.3706
0,53.3706
0,95.6808
0,95.6808
0,95.6808
0,95.6808
0,116.8359
0,116.8359
0,116.8359
0,116.8359
0,53.4584
0,53.4584
0,53.4584
0,53.4584
0,42.4858
0,42.4858
0,42.4858
0,42.4858
0,119.7327
0,119.7327
0,119.7327
0,119.7327
0,122.4539
0,122.4539
0,122.4539
0,122.4539
0,85.586
0,85.586
0,85.586
0,85.586
0,113.0614
0,113.0614
0,113.0614
0,113.0614
0,106.6534
0,106.6534
0,106.6534
0,106.6534
0,151.9481
0,151.9481
0,151.9481
0,151.9481
0,167.222
0,167.222
0,167.222
0,167.222
0,130.9686
0,130.9686
0,109.3746
0,109.3746
0,159.4973
0,133.7776
0,100.8599
0,150.6314
0,150.6314
0,150.6314
0,150.6314
0,117.8893
0,117.8893
0,117.8893
0,117.8893
1,155.986
0,155.986
0,155.986
0,155.986
2,198.1207
1,198.1207
4,198.1207
0,198.1207
2,138.1666
0,138.1666
0,138.1666
0,138.1666
0,139.1322
0,139.1322
0,139.1322
0,139.1322
0,130.1786
0,130.1786
0,130.1786
0,130.1786
1,66.0988
0,66.0988
0,66.0988
0,66.0988
0,132.9875
0,132.9875
0,132.9875
0,132.9875
2,145.5402
1,145.5402
3,145.5402
2,145.5402
2,155.5471
0,155.5471
1,155.5471
0,155.5471
1,154.406
1,154.406
1,154.406
0,154.406
0,151.4215
0,151.4215
1,151.4215
0,151.4215
0,200.9297
1,200.9297
0,200.9297
0,200.9297
1,153.0015
2,153.0015
4,153.0015
0,153.0015
1,147.1202
3,147.1202
3,147.1202
1,147.1202
1,184.2514
1,184.2514
1,184.2514
1,184.2514
0,163.4474
2,163.4474
1,163.4474
2,163.4474
0,161.3407
0,161.3407
0,161.3407
0,161.3407
0,136.7621
0,136.7621
0,136.7621
0,136.7621
0,143.5212
0,143.5212
0,143.5212
0,143.5212
0,139.6589
0,139.6589
0,139.6589
0,139.6589
0,173.4544
0,173.4544
0,173.4544
0,173.4544
0,159.6728
0,159.6728
0,159.6728
2,159.6728
0,132.5486
0,132.5486
0,132.5486
0,132.5486
0,129.1252
0,129.1252
0,174.0688
0,174.0688
0,177.8434
0,177.8434
0,182.3202
0,182.3202
0,179.7746
0,179.7746
4,188.9915
2,188.9915
3,188.9915
3,188.9915
3,200.3152
1,200.3152
2,200.3152
4,200.3152
4,200.5786
6,200.5786
2,200.5786
4,200.5786
5,199.7008
3,199.7008
0,199.7008
1,199.7008
3,199.5252
5,199.5252
2,199.5252
1,199.5252
3,200.2274
1,200.2274
2,200.2274
2,200.2274
1,198.7352
2,198.7352
2,198.7352
1,198.7352
1,190.0449
0,190.0449
1,190.0449
1,190.0449
2,175.7367
2,175.7367
2,175.7367
3,175.7367
3,191.1861
3,191.1861
2,191.1861
1,191.1861
0,171.7865
0,171.7865
0,171.7865
0,171.7865
3,179.4235
3,179.4235
3,179.4235
3,179.4235
4,196.804
2,196.804
2,196.804
3,196.804
0,192.3272
0,192.3272
0,192.3272
0,192.3272
3,176.7023
4,176.7023
1,176.7023
1,176.7023
4,177.9312
4,177.9312
2,177.9312
3,177.9312
3,195.7506
0,195.7506
2,195.7506
3,195.7506
2,177.0534
1,177.0534
1,177.0534
1,177.0534
3,185.4803
2,185.4803
2,185.4803
1,185.4803
1,162.394
0,162.394
0,162.394
0,162.394
0,143.4334
1,143.4334
1,143.4334
0,143.4334
3,120.4349
0,120.4349
0,120.4349
0,120.4349
0,95.593
0,95.593
0,95.593
0,95.593
0,139.4833
0,139.4833
0,139.4833
0,139.4833
0,177.9312
0,177.9312
0,177.9312
0,177.9312
0,173.8055
0,173.8055
1,143.609
0,143.609
0,114.2025
0,114.2025
0,104.4589
0,104.4589
0,99.3676
0,99.3676
1,122.6294
3,122.6294
0,122.6294
2,122.6294
2,170.5576
4,170.5576
1,170.5576
0,170.5576
2,193.3806
2,193.3806
0,193.3806
1,193.3806
0,171.6988
0,171.6988
0,171.6988
0,171.6988
2,170.6454
0,170.6454
1,170.6454
2,170.6454
1,177.4923
0,177.4923
1,177.4923
1,177.4923
0,176.6145
2,176.6145
0,176.6145
1,176.6145
1,198.9107
0,198.9107
0,198.9107
1,198.9107
2,195.7506
2,195.7506
1,195.7506
0,195.7506
2,197.3307
3,197.3307
3,197.3307
3,197.3307
0,191.8883
0,191.8883
0,191.8883
1,191.8883
2,178.1945
5,178.1945
2,178.1945
3,178.1945
0,163.4474
2,163.4474
1,163.4474
0,163.4474
1,146.7691
0,146.7691
0,146.7691
0,146.7691
0,188.9038
1,188.9038
0,188.9038
0,188.9038
0,176.79
0,176.79
0,176.79
0,176.79
0,153.7038
0,153.7038
0,153.7038
0,153.7038
0,137.3766
0,137.3766
0,137.3766
0,137.3766
1,141.2389
0,141.2389
0,141.2389
1,141.2389
0,161.2529
0,161.2529
0,161.2529
0,161.2529
0,170.0309
0,170.0309
0,170.0309
1,170.0309
0,185.9192
0,185.9192
2,185.9192
0,185.9192
1,200.3152
1,200.3152
1,200.3152
1,179.1601
1,179.1601
0,179.1601
0,179.1601
0,154.9327
1,154.9327
0,154.9327
0,154.9327
0,157.1272
1,157.1272
0,170.2065
0,170.2065
0,190.396
1,190.396
0,187.4993
2,187.4993
0,198.9107
0,198.9107
0,191.5372
0,191.5372
1,191.5372
0,191.5372
0,158.5317
0,158.5317
0,158.5317
0,158.5317
0,113.7636
0,113.7636
0,113.7636
0,113.7636
0,79.0903
0,79.0903
0,79.0903
0,79.0903
0,112.7102
0,112.7102
0,112.7102
0,112.7102
0,84.5327
0,84.5327
0,84.5327
0,84.5327
0,101.9132
0,101.9132
0,101.9132
0,101.9132
0,127.6329
0,127.6329
0,127.6329
0,127.6329
0,110.5157
0,110.5157
0,110.5157
0,110.5157
0,135.2698
0,135.2698
0,135.2698
0,135.2698
0,146.2424
2,146.2424
0,146.2424
0,146.2424
0,130.9686
0,130.9686
0,130.9686
0,130.9686
0,114.2025
0,114.2025
1,114.2025
0,114.2025
0,142.3801
1,142.3801
0,142.3801
0,142.3801
0,157.7417
0,157.7417
0,157.7417
0,157.7417
0,139.3955
0,139.3955
1,139.3955
0,139.3955
0,172.3132
0,172.3132
0,172.3132
0,172.3132
0,154.9327
0,154.9327
0,154.9327
0,154.9327
0,175.5611
0,175.5611
0,175.5611
0,175.5611
0,187.1481
0,187.1481
1,187.1481
0,187.1481
0,167.7486
0,167.7486
0,167.7486
0,167.7486
1,166.5197
1,166.5197
1,166.5197
1,166.5197
0,160.814
0,160.814
0,160.814
0,160.814
0,143.5212
0,143.5212
0,143.5212
0,143.5212
0,111.4813
0,111.4813
0,111.4813
0,111.4813
0,82.5137
0,82.5137
0,22.9985
0,22.9985
0,25.1052
0,25.1052
0,68.2055
0,68.2055
0,132.812
0,132.812
1,146.2424
0,146.2424
2,139.5711
0,139.5711
4,139.5711
2,139.5711
1,121.4883
0,121.4883
0,121.4883
1,121.4883
0,120.1716
0,120.1716
0,120.1716
0,120.1716
2,173.1033
1,173.1033
0,173.1033
1,173.1033
0,157.3905
1,157.3905
4,157.3905
1,157.3905
0,150.6314
0,150.6314
0,150.6314
0,150.6314
0,135.7965
0,135.7965
0,135.7965
0,135.7965
0,157.3028
0,157.3028
0,157.3028
0,157.3028
1,155.4594
0,155.4594
0,155.4594
1,155.4594
0,133.5142
0,133.5142
0,133.5142
0,133.5142
1,114.9925
1,114.9925
1,114.9925
0,114.9925
0,143.7846
0,143.7846
0,143.7846
0,143.7846
3,163.0085
1,163.0085
0,163.0085
0,163.0085
3,130.003
0,130.003
2,130.003
0,130.003
1,164.2374
0,164.2374
3,164.2374
0,164.2374
0,131.2319
1,131.2319
0,131.2319
2,131.2319
2,122.7172
3,122.7172
2,122.7172
0,122.7172
1,167.222
1,167.222
3,167.222
1,167.222
0,105.4244
0,105.4244
0,105.4244
0,105.4244
0,47.2259
0,47.2259
0,47.2259
0,47.2259
0,40.7302
0,40.7302
0,40.7302
0,40.7302
0,54.8628
0,54.8628
0,54.8628
0,54.8628
0,50.8249
0,50.8249
0,50.8249
0,50.8249
2,76.8958
1,76.8958
2,76.8958
0,76.8958
3,95.5052
0,95.5052
1,179.1601
1,179.1601
0,183.7247
0,183.7247
0,123.3317
0,123.3317
1,80.7581
0,80.7581
1,152.4748
2,152.4748
2,152.4748
2,152.4748
3,198.7352
1,198.7352
2,198.7352
3,198.7352
1,175.21
3,175.21
1,175.21
2,175.21
1,169.6798
0,169.6798
0,169.6798
0,169.6798
1,168.802
2,168.802
2,168.802
5,168.802
0,117.3626
0,117.3626
0,117.3626
0,117.3626
0,129.4763
0,129.4763
0,129.4763
0,129.4763
0,176.7023
0,176.7023
0,176.7023
0,176.7023
1,174.8589
1,174.8589
0,174.8589
0,174.8589
1,180.6524
1,180.6524
0,180.6524
0,180.6524
3,185.0414
2,185.0414
2,185.0414
2,185.0414
0,109.7257
0,109.7257
0,109.7257
1,109.7257
0,86.2005
0,86.2005
0,86.2005
0,86.2005
0,121.8394
0,121.8394
0,121.8394
0,121.8394
0,133.7776
0,133.7776
0,133.7776
0,133.7776
2,156.5127
2,156.5127
0,156.5127
0,156.5127
1,195.9262
3,195.9262
2,195.9262
2,195.9262
1,196.3651
3,196.3651
3,196.3651
3,196.3651
2,155.8105
3,155.8105
2,155.8105
2,155.8105
2,168.0998
2,168.0998
2,168.0998
0,168.0998
1,171.1721
0,171.1721
0,171.1721
0,171.1721
0,126.8429
0,126.8429
1,126.8429
0,126.8429
0,113.1491
0,113.1491
0,113.1491
0,113.1491
0,107.3556
0,107.3556
0,107.3556
0,107.3556
0,138.0788
0,138.0788
0,138.0788
0,138.0788
0,162.6574
0,162.6574
0,117.7137
0,117.7137
0,161.4284
0,161.4284
0,182.7591
0,182.7591
0,186.2703
0,186.2703
3,200.403
2,200.403
4,200.403
4,200.403
2,194.3462
0,194.3462
3,194.3462
3,194.3462
3,176.8778
1,176.8778
2,176.8778
3,176.8778
0,175.9122
1,175.9122
0,175.9122
1,175.9122
1,183.988
0,183.988
1,183.988
0,183.988
0,191.8883
1,191.8883
1,191.8883
1,191.8883
1,186.797
1,186.797
2,186.797
3,186.797
0,161.8673
2,161.8673
3,161.8673
2,161.8673
0,140.4489
0,140.4489
0,140.4489
0,140.4489
1,169.6798
0,169.6798
0,169.6798
0,169.6798
2,147.0324
1,147.0324
0,147.0324
0,147.0324
0,130.0908
0,130.0908
0,130.0908
0,130.0908
2,138.8688
2,138.8688
0,138.8688
2,138.8688
0,120.8738
0,120.8738
0,120.8738
0,120.8738
2,172.1377
1,172.1377
3,172.1377
1,172.1377
2,196.6284
1,196.6284
3,196.6284
2,196.6284
3,196.1895
3,196.1895
1,196.1895
2,196.1895
1,198.9985
1,198.9985
0,198.9985
1,198.9985
2,198.5596
2,198.5596
1,198.5596
1,198.5596
1,198.9107
1,198.9107
1,198.9107
1,198.9107
1,199.3496
1,199.3496
1,199.3496
1,199.3496
2,199.0863
0,199.0863
1,199.0863
1,199.0863
3,178.1067
0,178.1067
2,178.1067
1,178.1067
0,179.7746
0,179.7746
0,179.7746
0,179.7746
1,180.9157
1,180.9157
1,180.9157
0,180.9157
0,165.203
0,165.203
0,165.8175
0,165.8175
0,150.2803
0,150.2803
0,154.406
0,154.406
0,155.3716
0,155.3716
0,22.1207
0,22.1207
0,22.1207
0,22.1207
0,3.599
0,3.599
0,3.599
0,3.599
0,29.4065
0,29.4065
0,29.4065
0,29.4065
0,43.7147
0,43.7147
0,43.7147
0,43.7147
0,41.7835
0,41.7835
0,41.7835
0,41.7835
0,87.0783
0,87.0783
0,87.0783
0,87.0783
0,124.1217
1,124.1217
0,124.1217
0,124.1217
0,129.5641
0,129.5641
0,129.5641
0,129.5641
0,148.4369
0,148.4369
0,148.4369
0,148.4369
0,191.0105
0,191.0105
0,191.0105
0,191.0105
2,199.613
2,199.613
0,199.613
3,199.613
1,199.7885
1,199.7885
2,199.7885
2,199.7885
4,182.7591
0,182.7591
2,182.7591
1,182.7591
1,164.0619
0,164.0619
0,164.0619
0,164.0619
2,158.5317
2,158.5317
4,158.5317
4,158.5317
3,143.9601
1,143.9601
5,143.9601
1,143.9601
2,139.8344
1,139.8344
1,139.8344
0,139.8344
0,145.8913
0,145.8913
0,145.8913
0,145.8913
1,193.5561
1,193.5561
2,193.5561
1,193.5561
0,198.2963
1,198.2963
0,198.2963
2,198.2963
2,200.2274
0,200.2274
0,200.2274
0,199.1741
0,199.1741
1,199.1741
2,197.5063
1,197.5063
0,184.6025
2,184.6025
1,184.6025
0,167.9242
0,167.9242
1,167.9242
1,158.9706
0,158.9706
1,124.385
0,124.385
0,71.4534
0,71.4534
0,45.8215
0,45.8215
0,18.1706
0,18.1706
5,151.597
3,151.597
0,151.597
3,151.597
4,110.3402
4,110.3402
3,110.3402
4,110.3402
0,33.62
0,33.62
0,33.62
0,33.62
0,30.1965
0,30.1965
0,30.1965
0,30.1965
0,94.013
0,94.013
0,94.013
0,94.013
0,148.1736
0,148.1736
0,148.1736
0,148.1736
0,126.404
0,126.404
0,126.404
0,126.404
0,80.2314
0,80.2314
0,80.2314
0,80.2314
1,105.8634
0,105.8634
0,105.8634
0,105.8634
1,196.6284
1,196.6284
2,196.6284
2,196.6284
1,200.8419
2,200.8419
4,200.8419
4,200.8419
3,200.2274
4,200.2274
2,200.2274
4,200.2274
1,199.9641
3,199.9641
3,199.9641
3,199.9641
3,200.8419
3,200.8419
3,200.8419
2,200.8419
2,191.8883
3,191.8883
1,191.8883
1,191.8883
0,194.2584
0,194.2584
0,194.2584
0,194.2584
0,195.224
0,195.224
0,195.224
1,195.224
0,191.8883
0,191.8883
0,191.8883
2,191.8883
0,185.1292
0,185.1292
0,185.1292
0,185.1292
2,191.8883
3,191.8883
2,191.8883
2,191.8883
2,199.0863
1,199.0863
2,199.0863
2,199.0863
2,199.4374
1,199.4374
0,199.4374
2,199.4374
0,197.594
2,197.594
2,197.594
2,197.594
0,167.222
0,167.222
0,167.222
0,167.222
0,182.3202
1,182.3202
2,182.3202
4,182.3202
2,197.594
1,197.594
0,196.4529
0,196.4529
1,192.7661
2,192.7661
2,196.2773
0,196.2773
0,184.2514
1,184.2514
4,145.4524
1,145.4524
0,145.4524
1,145.4524
0,185.0414
0,185.0414
0,185.0414
2,185.0414
0,155.4594
0,155.4594
0,155.4594
0,155.4594
2,148.9636
1,148.9636
2,148.9636
1,148.9636
2,142.6434
1,142.6434
0,142.6434
2,142.6434
0,64.0798
0,64.0798
0,64.0798
0,64.0798
0,38.5357
0,38.5357
0,38.5357
0,38.5357
0,44.1536
0,44.1536
0,44.1536
0,44.1536
0,56.1796
0,56.1796
0,56.1796
0,65.4843
0,65.4843
0,65.4843
0,65.4843
0,44.3292
0,44.3292
0,44.3292
0,44.3292
0,28.0898
0,28.0898
0,28.0898
0,28.0898
0,24.8419
0,24.8419
0,24.8419
0,24.8419
0,17.4683
0,17.4683
0,17.4683
0,17.4683
0,22.5596
0,22.5596
0,22.5596
0,22.5596
0,29.0554
0,29.0554
0,29.0554
0,29.0554
0,36.8678
0,36.8678
0,36.8678
0,36.8678
0,18.6973
0,18.6973
0,18.6973
0,18.6973
0,10.4459
0,10.4459
0,10.4459
0,10.4459
0,14.1327
0,14.1327
0,14.1327
0,14.1327
0,12.2893
0,12.2893
0,12.2893
0,12.2893
0,25.7197
0,25.7197
0,25.7197
0,25.7197
0,33.7955
0,33.7955
0,33.7955
0,33.7955
0,35.1122
0,35.1122
0,35.1122
0,35.1122
0,48.806
0,48.806
0,48.806
0,48.806
0,36.6923
0,36.6923
0,79.8803
0,79.8803
0,103.5811
0,103.5811
0,76.2813
0,76.2813
0,64.6943
0,64.6943
0,58.7252
0,58.7252
0,58.7252
0,58.7252
0,59.0763
0,59.0763
0,59.0763
0,59.0763
0,30.5476
0,30.5476
0,30.5476
1,30.5476
0,99.0165
0,99.0165
0,99.0165
0,99.0165
2,118.2404
0,118.2404
0,118.2404
0,118.2404
0,39.2379
0,39.2379
0,39.2379
0,39.2379
1,29.1431
0,29.1431
0,29.1431
0,29.1431
0,82.3382
0,82.3382
0,82.3382
1,82.3382
2,102.001
3,102.001
2,102.001
1,102.001
0,60.393
0,60.393
0,60.393
0,60.393
0,43.188
0,43.188
0,43.188
0,43.188
1,4.1257
3,4.1257
0,4.1257
0,4.1257
0,53.5461
0,53.5461
0,53.5461
0,53.5461
2,90.3262
1,90.3262
1,90.3262
3,90.3262
0,54.0728
0,54.0728
0,54.0728
0,54.0728
0,38.799
1,38.799
0,38.799
0,89.9751
0,89.9751
0,89.9751
0,89.9751
3,176.5267
0,176.5267
2,176.5267
2,176.5267
2,189.7816
0,189.7816
0,189.7816
1,189.7816
1,176.1756
0,176.1756
2,176.1756
3,176.1756
1,85.4983
0,85.4983
1,85.4983
0,85.4983
0,96.2075
0,96.2075
0,96.2075
1,96.2075
3,118.6793
2,118.6793
0,118.6793
3,118.6793
1,72.1556
0,72.1556
2,72.1556
1,72.1556
0,55.1262
1,55.1262
0,55.1262
0,55.1262
0,51.7027
0,51.7027
0,34.2344
0,34.2344
0,76.1057
0,76.1057
0,112.3591
0,112.3591
2,86.9028
1,86.9028
0,119.6449
0,119.6449
0,119.6449
1,151.7726
0,151.7726
0,151.7726
0,151.7726
0,172.4888
0,172.4888
2,172.4888
3,172.4888
0,155.986
0,155.986
0,155.986
0,155.986
0,184.3392
0,184.3392
0,184.3392
0,184.3392
0,114.1147
0,114.1147
0,114.1147
0,114.1147
0,104.7222
0,104.7222
0,104.7222
0,104.7222
0,130.1786
0,130.1786
0,130.1786
0,130.1786
0,110.7791
0,110.7791
0,110.7791
0,110.7791
1,130.003
0,130.003
2,130.003
1,130.003
0,137.8155
0,137.8155
1,137.8155
0,137.8155
0,92.4329
0,92.4329
0,92.4329
0,92.4329
0,50.4738
0,50.4738
0,50.4738
0,50.4738
0,32.391
0,32.391
0,32.391
0,32.391
0,84.006
0,84.006
0,84.006
0,84.006
0,119.996
0,119.996
0,119.996
0,119.996
0,105.9511
0,105.9511
0,105.9511
0,105.9511
0,99.8943
0,99.8943
0,99.8943
0,99.8943
0,60.3052
0,60.3052
0,60.3052
0,60.3052
0,14.3082
0,14.3082
0,14.3082
0,14.3082
0,119.4693
1,119.4693
0,119.4693
0,200.0519
1,200.0519
0,200.0519
0,142.9945
0,142.9945
1,142.9945
0,80.2314
0,80.2314
0,80.2314
0,146.0668
0,146.0668
0,146.0668
2,195.1362
2,195.1362
1,150.5437
0,150.5437
1,148.788
0,148.788
0,150.4559
0,150.4559
0,136.9377
0,136.9377
6,196.4529
3,196.4529
3,196.4529
4,196.4529
1,199.2619
3,199.2619
1,199.2619
3,199.2619
2,180.389
4,180.389
2,180.389
3,180.389
3,161.2529
1,161.2529
2,161.2529
2,161.2529
0,147.3836
0,147.3836
0,147.3836
3,147.3836
3,151.7726
0,151.7726
1,151.7726
0,151.7726
3,183.9003
2,183.9003
0,183.9003
1,183.9003
3,194.9606
1,194.9606
2,194.9606
1,194.9606
3,197.0673
0,197.0673
2,197.0673
1,197.0673
2,199.5252
0,199.5252
1,199.5252
1,199.5252
4,199.9641
3,199.9641
0,199.9641
1,199.9641
1,201.0175
0,201.0175
1,201.0175
1,201.0175
0,199.613
0,199.613
0,199.613
2,199.613
1,198.7352
1,198.7352
2,198.7352
0,198.7352
0,196.6284
1,196.6284
1,196.6284
0,196.6284
2,183.988
1,183.988
0,183.988
0,183.988
1,143.1701
0,143.1701
1,143.1701
1,143.1701
0,153.1771
0,153.1771
0,153.1771
0,153.1771
0,196.804
1,196.804
1,196.804
1,196.804
2,199.3496
0,199.3496
1,199.3496
1,199.3496
0,200.7541
2,200.7541
0,200.7541
3,200.7541
1,199.3496
1,199.3496
2,199.3496
4,199.3496
1,194.7851
1,194.7851
1,194.7851
1,194.7851
0,196.1895
0,196.1895
0,196.1895
0,196.1895
4,199.9641
3,199.9641
0,199.9641
4,199.9641
4,195.6629
3,195.6629
2,196.1895
1,196.1895
2,200.403
1,200.403
2,197.594
1,197.594
3,199.7885
1,199.7885
0,111.5691
0,111.5691
0,111.5691
0,111.5691
0,129.9152
0,129.9152
0,129.9152
0,129.9152
0,146.8569
0,146.8569
0,146.8569
0,146.8569
0,111.8324
0,111.8324
0,111.8324
0,111.8324
0,130.2663
0,130.2663
0,130.2663
0,130.2663
0,158.4439
0,158.4439
0,158.4439
0,158.4439
0,159.9362
0,159.9362
0,159.9362
0,159.9362
0,105.6878
0,105.6878
0,105.6878
0,105.6878
0,77.2469
0,77.2469
0,77.2469
0,77.2469
0,100.5087
0,100.5087
0,100.5087
0,100.5087
1,126.1407
0,126.1407
0,126.1407
0,126.1407
0,130.003
0,130.003
0,130.003
0,130.003
0,144.6624
0,144.6624
0,144.6624
0,144.6624
1,152.8259
0,152.8259
0,152.8259
0,152.8259
0,182.3202
0,182.3202
1,182.3202
0,182.3202
3,171.7865
2,171.7865
0,171.7865
0,171.7865
0,170.9087
0,170.9087
0,170.9087
0,170.9087
0,131.3197
0,131.3197
1,131.3197
0,131.3197
0,111.0424
0,111.0424
0,111.0424
0,111.0424
0,111.9202
0,111.9202
0,111.9202
0,111.9202
0,106.2145
0,106.2145
0,106.2145
0,110.5157
0,110.5157
0,110.5157
0,110.5157
1,109.5501
0,109.5501
0,109.5501
0,109.5501
0,102.001
0,102.001
0,102.001
0,102.001
0,79.7047
0,79.7047
0,79.7047
0,79.7047
0,98.8409
1,98.8409
0,71.4534
0,71.4534
0,22.0329
0,22.0329
0,45.5581
0,45.5581
0,57.6718
0,57.6718
5,162.1307
3,162.1307
3,162.1307
3,162.1307
7,125.5262
3,125.5262
3,125.5262
0,125.5262
0,71.8923
0,71.8923
0,71.8923
0,71.8923
0,100.1576
0,100.1576
0,100.1576
0,100.1576
0,150.2803
0,150.2803
0,150.2803
0,150.2803
0,77.2469
0,77.2469
0,77.2469
0,77.2469
0,72.0678
0,72.0678
0,72.0678
0,72.0678
2,141.4145
2,141.4145
3,141.4145
4,141.4145
0,119.5571
0,119.5571
1,119.5571
1,119.5571
2,98.5776
0,98.5776
1,98.5776
2,98.5776
0,137.2888
3,137.2888
3,137.2888
0,137.8155
0,137.8155
1,137.8155
0,137.8155
0,61.3586
0,61.3586
0,61.3586
0,61.3586
1,97.6998
0,97.6998
0,97.6998
2,97.6998
0,118.8549
0,118.8549
0,118.8549
0,118.8549
0,124.2095
1,124.2095
1,124.2095
1,124.2095
0,165.1152
0,165.1152
2,165.1152
0,165.1152
2,136.4988
2,136.4988
2,136.4988
1,136.4988
0,111.6569
0,111.6569
1,111.6569
0,111.6569
0,75.4035
0,75.4035
0,75.4035
0,75.4035
0,49.6838
0,49.6838
0,49.6838
0,49.6838
0,87.6928
0,87.6928
0,87.6928
0,87.6928
0,96.6464
0,96.6464
0,96.6464
0,96.6464
2,145.6279
0,145.6279
1,145.6279
1,145.6279
4,194.1706
0,194.1706
2,194.1706
1,194.1706
0,190.7471
0,190.7471
2,167.4853
0,167.4853
0,163.8863
1,163.8863
0,167.5731
1,167.5731
0,145.1013
1,145.1013
0,156.8639
0,156.8639
0,156.8639
0,156.8639
0,114.817
0,114.817
0,114.817
0,114.817
3,143.6968
3,143.6968
0,143.6968
1,143.6968
0,157.6539
0,157.6539
0,157.6539
0,157.6539
0,122.015
0,122.015
0,122.015
0,122.015
0,99.0165
0,99.0165
0,99.0165
0,99.0165
0,131.8464
0,131.8464
0,131.8464
0,131.8464
0,141.1511
0,141.1511
0,141.1511
0,141.1511
1,138.3422
0,138.3422
0,138.3422
0,138.3422
2,152.0359
1,152.0359
0,152.0359
0,152.0359
0,103.8444
0,103.8444
0,103.8444
0,103.8444
0,128.5107
0,128.5107
0,128.5107
0,128.5107
0,81.987
0,81.987
0,81.987
0,81.987
0,107.1801
0,107.1801
0,107.1801
0,107.1801
0,141.1511
0,141.1511
0,141.1511
0,141.1511
0,150.7192
0,150.7192
0,150.7192
0,150.7192
1,169.0654
1,169.0654
0,169.0654
0,169.0654
0,176.3511
0,176.3511
2,176.3511
0,176.3511
0,124.6484
0,124.6484
0,124.6484
0,124.6484
0,138.1666
1,138.1666
0,138.1666
0,138.1666
0,175.6489
0,175.6489
0,175.6489
0,175.6489
0,176.5267
0,176.5267
0,176.5267
0,176.5267
0,157.7417
1,157.7417
0,157.7417
0,157.7417
0,157.6539
0,157.6539
1,157.6539
0,157.6539
0,163.3596
0,163.3596
0,163.3596
0,163.3596
0,102.3521
0,102.3521
0,117.8015
0,117.8015
0,120.3471
0,120.3471
0,100.9476
0,100.9476
0,66.1865
0,66.1865
0,165.1152
0,165.1152
0,165.1152
0,165.1152
0,170.3821
0,170.3821
0,170.3821
1,170.3821
1,179.3357
3,179.3357
5,179.3357
3,179.3357
2,177.6678
3,177.6678
1,177.6678
1,177.6678
2,184.5147
0,184.5147
0,184.5147
0,184.5147
1,176.4389
3,176.4389
2,176.4389
3,176.4389
3,171.4354
0,171.4354
0,171.4354
0,171.4354
3,180.7402
4,180.7402
5,180.7402
2,180.7402
2,194.6973
0,194.6973
2,194.6973
1,194.6973
2,184.7781
1,184.7781
3,184.7781
1,184.7781
2,168.6264
0,168.6264
0,168.6264
0,168.6264
0,168.7142
0,168.7142
1,168.7142
1,168.7142
1,173.2788
0,173.2788
0,173.2788
0,173.2788
0,169.0654
0,169.0654
0,169.0654
1,169.0654
0,116.8359
0,116.8359
0,116.8359
1,116.8359
0,101.4743
0,101.4743
0,101.4743
0,101.4743
0,61.9731
0,61.9731
0,61.9731
0,61.9731
0,75.3157
0,75.3157
0,75.3157
0,75.3157
0,102.4399
0,102.4399
0,102.4399
0,102.4399
0,87.7806
0,87.7806
0,87.7806
0,87.7806
0,69.1711
0,69.1711
0,69.1711
0,69.1711
0,88.5706
0,88.5706
0,88.5706
0,88.5706
0,48.1037
0,48.1037
0,48.1037
0,48.1037
0,84.1816
0,84.1816
0,84.1816
0,84.1816
0,50.5616
0,50.5616
0,50.5616
0,50.5616
0,43.9781
0,43.9781
0,112.6225
0,112.6225
0,188.6404
1,188.6404
0,195.3995
2,195.3995
2,195.6629
2,195.6629
0,137.991
0,137.991
0,137.991
0,137.991
0,132.1097
0,132.1097
0,132.1097
0,132.1097
3,144.3112
3,144.3112
1,144.3112
1,144.3112
0,163.4474
1,163.4474
2,163.4474
0,163.4474
3,175.8245
2,175.8245
2,175.8245
1,175.8245
0,165.8175
0,165.8175
0,165.8175
2,165.8175
0,142.2045
0,142.2045
0,142.2045
0,142.2045
0,139.4833
0,139.4833
0,139.4833
0,139.4833
0,154.2304
0,154.2304
0,154.2304
0,154.2304
0,162.5696
0,162.5696
0,162.5696
0,162.5696
0,137.991
0,137.991
1,137.991
0,137.991
0,128.3352
0,128.3352
0,128.3352
0,128.3352
0,135.8843
0,135.8843
0,135.8843
0,135.8843
0,133.5142
0,133.5142
0,133.5142
0,133.5142
0,137.3766
0,137.3766
0,137.3766
0,137.3766
0,133.2509
0,133.2509
0,133.2509
0,133.2509
1,116.9237
0,116.9237
0,116.9237
0,116.9237
0,116.2215
0,116.2215
0,116.2215
0,116.2215
0,91.0284
0,91.0284
0,91.0284
0,91.0284
0,114.6414
0,114.6414
1,114.6414
0,114.6414
0,141.59
0,141.59
0,141.59
0,141.59
4,186.9726
2,186.9726
2,186.9726
0,186.9726
1,114.4658
1,114.4658
0,114.4658
0,114.4658
0,72.5067
0,72.5067
1,72.5067
0,72.5067
3,166.6953
2,166.6953
1,166.6953
0,166.6953
1,198.2963
0,198.2963
1,193.4683
0,193.4683
0,140.5367
0,140.5367
0,170.7332
0,170.7332
2,136.6743
1,136.6743
0,67.591
0,67.591
0,67.591
0,67.591
2,124.2095
0,124.2095
0,124.2095
0,124.2095
0,110.3402
0,110.3402
0,110.3402
0,110.3402
0,87.4294
0,87.4294
0,87.4294
0,87.4294
0,107.3556
0,107.3556
0,107.3556
0,107.3556
0,93.3985
0,93.3985
0,93.3985
0,93.3985
0,45.1192
0,45.1192
0,45.1192
0,45.1192
0,76.018
0,76.018
0,76.018
0,76.018
0,82.9526
0,82.9526
0,82.9526
2,82.9526
0,48.806
0,48.806
0,48.806
1,48.806
0,81.2848
0,81.2848
0,81.2848
0,81.2848
0,93.6619
0,93.6619
0,93.6619
0,93.6619
0,68.2055
0,68.2055
0,68.2055
0,68.2055
3,130.003
1,130.003
2,130.003
2,130.003
0,135.0065
0,135.0065
0,135.0065
0,135.0065
0,67.6788
0,67.6788
0,67.6788
0,67.6788
0,22.7352
0,22.7352
0,22.7352
0,22.7352
0,45.7337
0,45.7337
0,45.7337
0,45.7337
0,69.0833
0,69.0833
0,69.0833
0,69.0833
0,63.202
0,63.202
0,63.202
0,63.202
0,66.011
0,66.011
0,66.011
0,66.011
0,96.9097
0,96.9097
0,96.9097
0,96.9097
0,75.9302
0,75.9302
0,75.9302
0,26.1586
0,26.1586
0,26.1586
0,47.8404
0,47.8404
0,47.8404
0,81.6359
0,81.6359
1,126.404
3,126.404
0,153.8793
0,153.8793
0,135.3576
0,135.3576
0,82.4259
1,82.4259
0,121.0494
0,121.0494
0,121.0494
0,121.0494
0,133.1631
0,133.1631
0,133.1631
0,133.1631
0,132.5486
0,132.5486
0,132.5486
0,132.5486
3,132.9875
2,132.9875
0,132.9875
0,132.9875
0,130.1786
0,130.1786
0,130.1786
0,130.1786
0,125.8773
0,125.8773
0,125.8773
0,125.8773
0,94.013
0,94.013
0,94.013
0,94.013
0,76.2813
0,76.2813
0,76.2813
0,76.2813
0,87.5172
0,87.5172
0,87.5172
0,87.5172
0,76.7202
0,76.7202
0,76.7202
0,76.7202
0,68.82
0,68.82
0,68.82
0,68.82
0,52.1417
0,52.1417
0,52.1417
0,52.1417
0,102.5277
0,102.5277
0,102.5277
0,102.5277
0,90.5895
0,90.5895
0,90.5895
0,90.5895
0,86.5516
0,86.5516
0,86.5516
2,86.5516
0,105.0733
0,105.0733
0,105.0733
0,105.0733
0,155.986
0,155.986
0,155.986
0,155.986
1,139.3955
1,139.3955
1,139.3955
2,139.3955
2,126.0529
2,126.0529
0,126.0529
0,126.0529
0,163.5352
0,163.5352
0,163.5352
0,163.5352
1,162.394
0,162.394
0,162.394
1,162.394
3,165.9053
1,165.9053
0,165.9053
0,165.9053
0,163.7985
0,163.7985
0,163.7985
2,163.7985
0,147.8225
1,147.8225
0,147.8225
0,147.8225
0,137.991
0,137.991
0,137.991
0,137.991
0,157.0394
0,157.0394
0,145.6279
0,145.6279
0,116.6604
0,116.6604
0,131.8464
0,131.8464
0,151.1581
0,151.1581
0,180.5646
1,180.5646
1,180.5646
2,180.5646
0,136.8499
0,136.8499
0,136.8499
0,136.8499
0,89.8873
0,89.8873
0,89.8873
0,89.8873
0,99.8065
0,99.8065
0,99.8065
0,99.8065
1,79.7925
0,79.7925
0,79.7925
0,79.7925
0,37.5701
0,37.5701
0,37.5701
0,37.5701
0,22.2085
0,22.2085
0,22.2085
0,22.2085
0,61.3586
0,61.3586
0,61.3586
0,61.3586
0,86.2005
0,86.2005
0,86.2005
0,86.2005
2,104.7222
0,104.7222
1,104.7222
0,104.7222
0,78.2125
0,78.2125
0,78.2125
0,78.2125
1,103.2299
0,103.2299
0,103.2299
0,103.2299
0,145.2768
0,145.2768
1,145.2768
0,145.2768
0,89.7995
0,89.7995
0,89.7995
0,89.7995
0,54.3362
0,54.3362
0,54.3362
0,54.3362
1,114.7292
1,114.7292
1,114.7292
0,114.7292
0,136.6743
2,136.6743
1,136.6743
2,136.6743
0,174.8589
1,174.8589
3,174.8589
4,174.8589
0,173.5422
2,173.5422
1,173.5422
2,173.5422
0,181.5302
3,181.5302
3,181.5302
3,181.5302
0,176.3511
3,176.3511
4,176.3511
5,176.3511
0,166.3442
2,166.3442
5,166.3442
1,166.3442
1,190.396
4,190.396
3,190.396
1,190.396
2,130.4419
1,130.4419
3,130.4419
0,130.4419
0,65.0454
0,65.0454
0,65.0454
0,65.0454
0,142.6434
0,142.6434
3,197.1551
4,197.1551
3,183.6369
0,183.6369
3,161.6918
0,161.6918
2,138.6933
1,138.6933
0,170.7332
0,170.7332
2,170.7332
3,170.7332
1,182.9347
1,182.9347
2,182.9347
2,182.9347
1,161.6918
0,161.6918
1,161.6918
3,161.6918
0,173.2788
2,173.2788
0,173.2788
0,173.2788
2,180.6524
5,180.6524
4,180.6524
2,180.6524
0,157.0394
3,157.0394
1,157.0394
0,158.2683
3,158.2683
1,158.2683
0,135.3576
1,135.3576
2,135.3576
1,135.3576
0,150.3681
3,150.3681
1,150.3681
0,150.3681
0,138.9566
0,138.9566
0,138.9566
0,138.9566
0,116.8359
1,116.8359
0,116.8359
0,116.8359
0,133.8653
0,133.8653
0,133.8653
0,133.8653
0,132.9875
0,132.9875
0,132.9875
0,132.9875
2,123.0683
3,123.0683
3,123.0683
0,123.0683
0,107.7067
1,107.7067
0,107.7067
0,107.7067
0,62.0609
0,62.0609
0,62.0609
0,62.0609
0,22.6474
0,22.6474
0,22.6474
0,22.6474
0,8.8658
0,8.8658
0,8.8658
0,8.8658
0,23.3496
0,23.3496
0,23.3496
0,23.3496
0,67.2399
1,67.2399
0,67.2399
1,67.2399
0,76.1057
0,76.1057
0,76.1057
0,76.1057
0,77.598
0,77.598
0,77.598
0,77.598
0,78.7392
0,78.7392
0,78.7392
0,78.7392
0,118.5038
1,118.5038
1,118.5038
0,118.5038
0,153.3526
0,153.3526
1,153.3526
0,153.3526
0,149.3147
0,149.3147
0,92.2574
0,92.2574
0,73.2968
0,73.2968
0,95.7686
0,95.7686
0,141.2389
0,141.2389
0,85.8494
1,85.8494
0,85.8494
0,85.8494
0,70.8389
0,70.8389
0,70.8389
0,70.8389
3,119.2938
0,119.2938
0,119.2938
2,119.2938
2,94.013
0,94.013
2,94.013
1,94.013
1,68.6444
0,68.6444
1,68.6444
0,68.6444
2,117.187
0,117.187
3,117.187
4,117.187
0,130.8808
0,130.8808
0,130.8808
0,130.8808
1,132.7242
0,132.7242
2,132.7242
1,132.7242
0,77.8614
0,77.8614
3,77.8614
1,77.8614
0,29.6698
0,29.6698
0,29.6698
0,29.6698
0,34.6733
0,34.6733
0,34.6733
0,34.6733
0,32.7421
1,32.7421
0,32.7421
0,32.7421
0,28.6165
0,28.6165
0,28.6165
0,28.6165
0,30.2843
2,30.2843
0,30.2843
0,30.2843
0,37.5701
0,37.5701
0,37.5701
0,37.5701
1,79.1781
4,79.1781
1,79.1781
0,79.1781
0,124.2095
0,124.2095
1,124.2095
1,124.2095
1,117.9771
2,117.9771
0,117.9771
0,117.9771
0,83.1282
0,83.1282
1,83.1282
0,83.1282
0,113.6758
0,113.6758
1,113.6758
0,113.6758
3,136.7621
0,136.7621
1,136.7621
0,136.7621
0,89.4484
0,89.4484
0,89.4484
0,89.4484
0,56.4429
0,56.4429
0,56.4429
0,56.4429
0,62.9387
0,62.9387
0,62.9387
0,62.9387
0,33.4444
0,33.4444
0,33.4444
0,33.4444
0,19.7506
0,19.7506
0,27.9142
0,27.9142
0,25.983
0,25.983
0,3.599
0,3.599
0,11.8504
0,11.8504
0,28.0898
0,28.0898
0,28.0898
0,28.0898
0,26.3342
0,26.3342
0,26.3342
0,26.3342
0,31.0743
0,31.0743
0,31.0743
0,31.0743
0,27.212
0,27.212
0,27.212
0,27.212
0,22.8229
0,22.8229
0,22.8229
0,22.8229
0,1.9312
0,1.9312
0,1.9312
0,1.9312
0,6.3202
0,6.3202
0,6.3202
0,6.3202
0,6.4958
0,6.4958
0,6.4958
0,6.4958
0,7.8125
0,7.8125
0,7.8125
0,7.8125
0,8.5147
0,8.5147
0,8.5147
0,8.5147
0,7.198
0,7.198
0,7.198
0,7.198
0,7.9003
0,7.9003
0,7.9003
0,7.9003
0,12.6404
0,12.6404
0,12.6404
0,12.6404
0,10.6214
0,10.6214
0,10.6214
0,10.6214
0,2.7212
0,2.7212
0,2.7212
0,2.7212
0,23.8763
0,23.8763
0,23.8763
0,23.8763
0,32.9177
0,32.9177
0,32.9177
0,32.9177
0,10.797
0,10.797
0,10.797
0,10.797
0,31.6888
0,31.6888
0,31.6888
0,31.6888
0,32.3032
0,32.3032
0,32.3032
0,32.3032
0,9.5681
0,9.5681
0,9.5681
0,9.5681
0,8.8658
0,8.8658
0,8.8658
0,8.8658
0,12.816
0,12.816
0,12.816
0,12.816
0,25.4564
0,25.4564
0,25.4564
0,25.4564
0,53.1072
0,53.1072
0,53.1072
0,53.1072
0,16.415
0,16.415
0,9.0414
0,9.0414
0,11.7626
0,11.7626
0,5.0035
0,5.0035
0,0
0,0
0,119.9082
2,119.9082
1,119.9082
2,119.9082
0,136.4988
0,136.4988
0,136.4988
1,136.4988
1,155.0205
0,155.0205
0,155.0205
0,155.0205
0,142.9067
0,142.9067
0,142.9067
0,142.9067
2,151.4215
0,151.4215
0,151.4215
0,151.4215
2,158.9706
2,158.9706
2,158.9706
0,158.9706
1,84.2693
1,84.2693
0,84.2693
1,84.2693
0,41.0813
0,41.0813
0,41.0813
4,133.5142
2,133.5142
2,133.5142
1,164.5008
3,164.5008
1,164.5008
2,164.5008
0,153.616
0,153.616
1,153.616
1,153.616
0,70.9267
0,70.9267
0,70.9267
0,70.9267
0,55.5651
0,55.5651
0,55.5651
0,55.5651
0,48.1915
0,48.1915
0,48.1915
0,48.1915
0,28.4409
0,28.4409
0,28.4409
0,28.4409
0,50.7372
0,50.7372
0,50.7372
0,50.7372
0,93.6619
0,93.6619
0,93.6619
0,93.6619
0,116.6604
0,116.6604
0,116.6604
0,116.6604
0,129.0374
0,129.0374
0,129.0374
0,129.0374
0,122.015
0,122.015
0,122.015
0,122.015
0,101.0354
0,101.0354
0,101.0354
0,61.7975
0,61.7975
0,61.7975
0,42.8369
0,42.8369
0,42.8369
0,51.7027
0,51.7027
0,51.7027
0,77.2469
0,77.2469
0,77.2469
0,65.7476
0,65.7476
0,65.4843
0,65.4843
0,118.1526
0,118.1526
1,156.1616
0,156.1616
0,170.1187
0,170.1187
0,99.2798
0,99.2798
0,99.2798
0,99.2798
0,112.8858
0,112.8858
0,112.8858
0,112.8858
1,146.5057
0,146.5057
1,146.5057
1,146.5057
0,139.8344
0,139.8344
0,139.8344
0,139.8344
0,135.7965
0,135.7965
0,135.7965
0,135.7965
0,161.3407
1,161.3407
0,161.3407
1,161.3407
2,196.5407
1,196.5407
1,196.5407
2,196.5407
4,200.3152
3,200.3152
3,200.3152
4,200.3152
1,201.0175
2,201.0175
1,201.0175
3,201.0175
5,201.0175
5,201.0175
2,201.0175
4,201.0175
3,200.7541
3,200.7541
3,200.7541
2,200.7541
3,200.8419
4,200.8419
4,200.8419
2,200.8419
4,201.193
4,201.193
3,201.193
4,201.193
5,196.804
4,196.804
3,196.804
2,196.804
3,182.0569
2,182.0569
4,182.0569
2,182.0569
5,194.0828
2,194.0828
4,194.0828
4,194.0828
3,201.0175
3,201.0175
3,201.0175
3,201.0175
3,200.8419
2,200.8419
3,200.8419
2,200.8419
1,184.0758
0,184.0758
0,184.0758
1,184.0758
1,183.0225
1,183.0225
1,183.0225
1,183.0225
0,188.816
3,188.816
0,188.816
0,188.816
3,199.4374
1,199.4374
1,199.4374
1,199.4374
4,193.1172
1,193.1172
2,193.1172
2,193.1172
1,176.6145
0,176.6145
0,176.6145
0,176.6145
1,168.7142
0,168.7142
0,168.7142
0,168.7142
2,201.0175
2,201.0175
3,201.0175
2,201.0175
1,201.0175
2,201.0175
2,199.613
4,199.613
0,198.5596
0,198.5596
0,51.5272
0,51.5272
0,51.5272
0,51.5272
0,93.223
0,93.223
0,93.223
0,93.223
0,161.8673
0,161.8673
0,161.8673
1,182.4958
0,182.4958
2,182.4958
3,182.4958
1,175.7367
1,175.7367
3,175.7367
5,175.7367
0,137.991
2,137.991
1,137.991
1,137.991
0,99.7187
1,99.7187
0,99.7187
0,99.7187
2,142.4678
1,142.4678
3,142.4678
2,142.4678
1,197.8574
2,197.8574
2,197.8574
1,197.8574
2,199.5252
2,199.5252
2,199.5252
1,199.5252
0,161.0773
3,161.0773
4,161.0773
0,127.6329
0,127.6329
0,127.6329
0,127.6329
0,164.1496
0,164.1496
0,164.1496
0,164.1496
1,191.0983
0,191.0983
0,191.0983
0,191.0983
1,191.7127
4,191.7127
2,191.7127
0,191.7127
0,170.821
0,170.821
0,170.821
1,170.821
2,165.203
0,165.203
1,165.203
0,165.203
3,196.804
2,196.804
1,196.804
0,196.804
2,200.4908
2,200.4908
3,200.4908
4,200.4908
2,193.3806
1,193.3806
1,193.3806
2,193.3806
1,161.604
0,161.604
1,161.604
0,161.604
0,109.0235
0,109.0235
0,109.0235
0,109.0235
0,68.5566
0,68.5566
0,68.5566
0,68.5566
1,146.3302
1,146.3302
0,146.3302
0,146.3302
0,197.7696
1,197.7696
2,197.7696
3,197.7696
2,197.3307
0,197.3307
0,185.217
2,185.217
1,172.7521
2,172.7521
2,180.7402
1,180.7402
0,185.3925
0,185.3925
2,154.5816
1,154.5816
1,154.5816
2,154.5816
1,90.0629
2,90.0629
4,90.0629
1,90.0629
0,90.2384
0,90.2384
0,90.2384
0,90.2384
1,140.0978
1,140.0978
3,140.0978
3,140.0978
0,144.1357
0,144.1357
2,144.1357
1,144.1357
2,131.5831
1,131.5831
3,131.5831
2,131.5831
0,111.8324
0,111.8324
1,111.8324
1,111.8324
0,58.7252
0,58.7252
0,58.7252
0,58.7252
0,44.0658
1,44.0658
2,44.0658
1,44.0658
0,52.0539
0,52.0539
0,52.0539
0,52.0539
0,102.8788
0,102.8788
1,102.8788
2,102.8788
0,145.7157
0,145.7157
3,145.7157
1,145.7157
0,92.784
0,92.784
0,92.784
0,92.784
0,49.9471
0,49.9471
0,49.9471
0,49.9471
1,67.0643
0,67.0643
0,67.0643
0,67.0643
0,106.9167
0,106.9167
0,106.9167
0,106.9167
0,104.3711
0,104.3711
0,104.3711
0,104.3711
0,98.6653
0,98.6653
0,98.6653
1,98.6653
0,118.0648
0,118.0648
1,118.0648
1,118.0648
0,104.02
0,104.02
0,104.02
1,104.02
0,66.011
0,66.011
0,66.011
0,66.011
0,94.1008
0,94.1008
0,94.1008
0,94.1008
2,118.5038
0,118.5038
1,118.5038
1,118.5038
1,135.4454
0,135.4454
1,135.4454
2,135.4454
0,165.3786
0,165.3786
0,165.3786
0,165.3786
1,99.4554
0,99.4554
0,67.2399
0,67.2399
1,155.1082
2,155.1082
0,141.9412
0,141.9412
2,130.1786
1,130.1786
0,196.2773
0,196.2773
0,196.2773
0,196.2773
1,197.4185
0,197.4185
2,197.4185
0,197.4185
2,177.6678
0,177.6678
1,177.6678
0,177.6678
4,177.4045
2,177.4045
3,177.4045
3,177.4045
0,146.6813
0,146.6813
0,146.6813
1,146.6813
0,108.7601
0,108.7601
0,108.7601
0,108.7601
0,127.6329
0,127.6329
0,127.6329
0,127.6329
0,154.9327
0,154.9327
0,154.9327
0,154.9327
1,176.8778
0,176.8778
0,176.8778
0,176.8778
2,170.2943
1,170.2943
2,170.2943
1,170.2943
2,174.7711
0,174.7711
0,174.7711
2,174.7711
0,149.4025
2,149.4025
1,149.4025
2,149.4025
0,158.5317
0,158.5317
0,158.5317
0,158.5317
0,157.0394
2,157.0394
0,157.0394
0,157.0394
0,149.0514
2,149.0514
0,149.0514
1,149.0514
0,178.019
0,178.019
0,178.019
0,178.019
1,163.3596
0,163.3596
0,163.3596
0,163.3596
0,178.1067
1,178.1067
0,178.1067
1,178.1067
2,191.625
3,191.625
1,191.625
0,191.625
3,178.019
2,178.019
1,178.019
0,178.019
2,166.0808
2,166.0808
2,166.0808
0,166.0808
0,164.5885
0,164.5885
0,164.5885
0,164.5885
0,86.4638
0,86.4638
0,86.4638
0,65.5721
0,65.5721
0,65.5721
0,65.5721
0,122.8928
0,122.8928
0,122.8928
0,122.8928
0,155.8983
0,155.8983
0,182.7591
0,182.7591
1,195.6629
0,195.6629
0,198.2963
0,198.2963
1,194.4339
1,194.4339
0,174.5077
0,174.5077
0,174.5077
0,174.5077
1,171.0843
0,171.0843
0,171.0843
1,171.0843
2,158.1806
2,158.1806
3,158.1806
2,158.1806
1,144.3112
0,144.3112
1,144.3112
0,144.3112
0,183.2858
0,183.2858
0,183.2858
0,183.2858
2,175.1222
2,175.1222
2,175.1222
2,175.1222
0,152.6504
0,152.6504
2,152.6504
0,152.6504
0,137.9033
0,137.9033
1,137.9033
0,137.9033
1,158.005
0,158.005
1,158.005
0,158.005
0,159.3217
0,159.3217
2,159.3217
0,159.3217
1,165.993
1,165.993
1,165.993
0,165.993
1,159.4973
0,159.4973
3,159.4973
0,159.4973
2,174.5077
1,174.5077
1,174.5077
2,174.5077
0,176.5267
1,176.5267
2,176.5267
1,176.5267
2,178.6334
0,178.6334
3,178.6334
4,178.6334
0,173.8933
1,173.8933
0,173.8933
0,173.8933
0,191.8005
1,191.8005
2,191.8005
3,191.8005
0,193.5561
0,193.5561
2,193.5561
1,193.5561
0,186.3581
0,186.3581
1,186.3581
1,186.3581
3,168.1875
0,168.1875
2,168.1875
4,168.1875
0,175.9122
1,175.9122
2,175.9122
1,175.9122
1,182.7591
1,182.7591
0,182.7591
0,182.7591
2,173.191
1,173.191
2,173.191
1,173.191
0,147.0324
1,147.0324
0,147.0324
1,147.0324
1,136.8499
1,136.8499
1,136.8499
3,136.8499
1,140.0978
0,140.0978
1,166.4319
1,166.4319
0,178.4579
0,178.4579
1,165.3786
1,165.3786
0,161.8673
0,161.8673
0,150.2803
0,150.2803
0,150.2803
0,150.2803
0,78.2125
0,78.2125
0,78.2125
0,78.2125
0,9.5681
0,9.5681
0,9.5681
0,9.5681
0,26.3342
2,26.3342
0,26.3342
0,26.3342
0,107.8823
1,107.8823
0,107.8823
0,107.8823
0,161.0773
0,161.0773
0,161.0773
0,161.0773
2,177.4923
0,177.4923
0,177.4923
1,177.4923
0,172.4888
0,172.4888
0,172.4888
0,172.4888
0,161.6918
0,161.6918
0,161.6918
0,161.6918
0,145.8913
0,145.8913
0,145.8913
0,145.8913
1,139.1322
1,139.1322
0,139.1322
0,139.1322
0,163.0085
0,163.0085
0,163.0085
0,163.0085
0,120.1716
0,120.1716
0,120.1716
0,120.1716
0,73.7357
0,73.7357
0,73.7357
0,73.7357
1,95.7686
0,95.7686
0,95.7686
0,95.7686
0,59.6908
0,59.6908
0,59.6908
0,59.6908
0,49.2449
0,49.2449
0,49.2449
0,49.2449
0,20.6284
0,20.6284
0,20.6284
0,20.6284
0,1.8434
0,1.8434
0,1.8434
0,1.8434
0,0.3511
0,0.3511
0,0.3511
0,0.3511
0,10.3581
0,10.3581
0,10.3581
0,10.3581
0,67.1521
0,67.1521
0,67.1521
0,67.1521
0,129.3008
0,129.3008
0,129.3008
0,129.3008
2,178.2823
1,178.2823
0,178.2823
0,178.2823
1,198.7352
2,198.7352
0,198.7352
0,198.7352
0,193.5561
1,193.5561
0,173.1033
1,173.1033
0,163.1841
0,163.1841
0,169.7676
0,169.7676
0,175.9122
1,175.9122
0,180.8279
0,180.8279
0,177.2289
0,177.2289
0,194.4339
0,194.4339
0,196.9796
2,196.9796
0,194.4339
0,194.4339
1,198.2085
0,198.2085
0,199.5252
0,199.5252
0,193.995
0,193.995
0,197.2429
0,197.2429
0,198.9107
1,198.9107
0,193.4683
0,193.4683
0,186.9726
0,186.9726
0,199.4374
0,199.4374
4,173.7177
1,173.7177
0,124.2973
0,124.2973
0,127.194
0,127.194
0,140.01
0,140.01
0,171.3476
1,171.3476
0,198.6474
0,198.6474
0,196.3651
0,196.3651
2,196.2773
2,196.2773
0,198.1207
1,198.1207
0,159.0584
0,159.0584
0,150.5437
0,150.5437
2,186.007
0,186.007
0,196.8918
0,196.8918
0,198.9107
0,198.9107
0,200.5786
0,200.5786
0,200.2274
0,200.2274
0,200.6664
0,200.6664
0,177.4045
0,177.4045
0,179.9501
0,179.9501
0,177.4923
0,166.6075
0,166.6075
0,173.0155
0,173.0155
0,190.5716
0,190.5716
0,193.2928
0,193.2928
3,194.0828
0,194.0828
0,162.6574
0,162.6574
0,167.3097
0,167.3097
0,175.1222
0,175.1222
0,181.2668
0,181.2668
0,161.6918
0,161.6918
0,154.4938
0,154.4938
0,157.3905
0,157.3905
0,178.9846
0,178.9846
0,177.7556
0,177.7556
0,169.0654
0,169.0654
0,153.9671
0,153.9671
0,147.1202
0,147.1202
0,154.3182
0,154.3182
0,176.8778
0,176.8778
0,161.0773
0,161.0773
0,149.9292
0,149.9292
0,173.1033
0,173.1033
0,171.8743
0,171.8743
0,184.0758
0,184.0758
0,180.6524
0,180.6524
0,146.3302
1,146.3302
0,172.4888
2,172.4888
0,144.4868
0,144.4868
0,160.9895
0,160.9895
0,172.0499
0,172.0499
0,179.4235
0,179.4235
2,180.2135
2,180.2135
0,167.4853
0,167.4853
0,163.9741
0,163.9741
0,143.1701
0,143.1701
0,139.4833
0,139.4833
0,169.0654
0,169.0654
0,191.5372
0,191.5372
0,198.6474
0,198.6474
2,198.4718
2,198.4718
0,198.9985
0,198.9985
0,178.6334
0,178.6334
0,189.0793
0,189.0793
0,196.6284
0,196.6284
0,197.1551
0,197.1551
1,195.8384
0,195.8384
0,171.1721
0,171.1721
0,171.5232
0,171.5232
0,141.6778
0,141.6778
0,158.7072
0,190.2205
0,190.2205
0,198.2085
0,198.2085
0,179.0723
0,179.0723
0,182.4958
0,182.4958
0,197.7696
0,197.7696
0,174.7711
0,174.7711
0,176.4389
0,176.4389
2,190.5716
2,190.5716
0,166.4319
0,166.4319
1,180.0379
2,180.0379
0,195.3995
0,195.3995
1,195.224
0,195.224
0,184.6025
0,184.6025
1,188.3771
2,188.3771
2,190.396
3,190.396
0,188.6404
0,188.6404
0,194.0828
0,194.0828
0,194.2584
1,194.2584
0,193.6439
1,193.6439
0,189.6938
0,189.6938
1,197.9452
1,197.9452
2,192.3272
2,192.3272
0,173.0155
0,173.0155
0,158.0928
0,158.0928
0,142.2923
0,142.2923
0,136.7621
0,136.7621
0,171.7865
0,171.7865
0,183.3736
0,183.3736
0,191.0105
1,191.0105
0,191.7127
2,191.7127
0,185.217
0,185.217
0,175.5611
0,175.5611
0,185.9192
0,164.5008
0,164.5008
0,115.0803
0,115.0803
0,142.3801
0,142.3801
0,169.0654
0,169.0654
0,33.4444
0,33.4444
0,3.5112
0,3.5112
0,0
0,0
0,0
0,0
0,0
0,0
0,9.7436
0,9.7436
0,22.5596
0,22.5596
0,20.4529
0,20.4529
0,44.1536
0,44.1536
0,38.009
0,38.009
0,25.2808
0,25.2808
0,13.0793
0,13.0793
0,0
0,0
0,0
0,0
0,0
0,0
0,1.9312
0,1.9312
0,57.6718
0,57.6718
0,118.9427
0,118.9427
0,111.0424
0,111.0424
0,49.2449
0,49.2449
0,68.6444
0,68.6444
0,96.7342
0,96.7342
0,116.4848
0,116.4848
0,163.3596
0,163.3596
0,196.7162
0,196.7162
1,170.821
0,170.821
0,124.2973
0,124.2973
0,98.402
0,98.402
0,104.6344
0,104.6344
0,115.0803
0,115.0803
1,199.3496
3,199.3496
1,199.5252
0,199.5252
0,200.2274
4,200.2274
3,198.3841
5,198.3841
2,188.026
3,188.026
1,175.7367
3,175.7367
0,183.6369
0,183.6369
0,180.9157
0,180.9157
2,187.0604
3,187.0604
0,197.9452
0,197.9452
0,197.3307
1,197.594
3,198.9985
3,200.3152
2,198.2963
0,149.4025
0,127.4574
0,151.1581
3,128.9496
0,134.1287
1,159.3217
1,195.6629
1,198.2085
1,181.9691
2,145.2768
2,85.7616
0,77.5102
0,102.0888
1,148.788
0,109.989
1,121.4883
2,121.4883
0,107.7945
0,107.7945
1,116.2215
0,116.2215
1,148.6125
2,148.6125
0,110.4279
0,110.4279
0,99.8065
0,99.8065
0,158.4439
1,158.4439
2,160.7262
2,160.7262
0,119.2938
0,119.2938
0,126.6673
0,126.6673
0,120.1716
0,120.1716
0,54.6873
0,54.6873
0,95.0663
0,95.0663
0,98.6653
0,98.6653
0,66.7132
0,66.7132
0,81.8993
0,81.8993
0,164.5885
0,164.5885
0,168.1875
0,168.1875
0,113.0614
0,113.0614
0,101.5621
0,101.5621
1,117.6259
1,117.6259
0,191.4494
1,191.4494
1,200.0519
3,200.0519
2,200.1397
2,200.1397
0,161.9551
0,161.9551
0,118.3282
0,118.3282
0,94.7152
0,94.7152
0,120.5227
0,120.5227
1,154.2304
0,154.2304
0,134.6554
0,134.6554
2,146.1546
0,146.1546
0,151.9481
0,151.9481
0,117.4504
0,117.4504
0,145.7157
0,145.7157
1,148.2614
0,148.2614
0,107.4434
0,107.4434
0,98.0509
0,98.0509
0,109.6379
0,109.6379
2,131.1442
0,131.1442
1,153.5282
1,153.5282
2,198.0329
2,198.0329
0,197.2429
0,197.2429
0,132.6364
0,132.6364
0,105.8634
0,105.8634
0,43.3636
0,43.3636
0,18.3461
0,18.3461
0,37.3945
0,37.3945
0,70.0489
0,70.0489
0,47.9282
0,101.2988
0,111.218
0,19.8384
0,0
0,4.9157
0,7.198
0,20.804
0,16.5905
0,0.0878
0,10.797
0,50.2105
0,110.2524
0,110.2524
0,27.212
0,27.212
0,47.5771
0,47.5771
0,45.5581
0,45.5581
0,59.7786
0,59.7786
0,116.6604
2,116.6604
2,136.8499
2,136.8499
1,75.8424
1,75.8424
0,120.4349
0,120.4349
0,111.4813
0,111.4813
0,74.8768
0,74.8768
0,42.0469
0,42.0469
0,56.7062
0,56.7062
0,49.2449
0,49.2449
0,71.2778
0,71.2778
0,134.4798
0,134.4798
0,164.2374
0,164.2374
0,108.1456
0,108.1456
0,132.6364
0,132.6364
1,139.22
1,139.22
0,109.5501
0,109.5501
0,118.2404
0,118.2404
1,117.6259
1,117.6259
0,109.4624
0,109.4624
0,74.2624
0,74.2624
0,83.216
0,83.216
0,99.0165
0,99.0165
0,144.3112
0,144.3112
0,148.2614
1,148.2614
0,148.9636
0,148.9636
0,119.996
0,119.996
0,86.1127
0,86.1127
0,56.3551
0,56.3551
0,115.1681
0,115.1681
0,152.0359
0,152.0359
0,141.4145
0,141.4145
0,124.385
0,124.385
0,145.8913
0,145.8913
0,161.5162
0,161.5162
0,133.1631
0,133.1631
0,165.0274
0,165.0274
0,183.988
1,183.988
0,165.993
0,165.993
0,152.6504
0,152.6504
0,148.3491
0,148.3491
0,122.3661
0,122.3661
0,70.2244
0,70.2244
0,49.0693
0,49.0693
0,111.4813
0,111.4813
0,132.6364
0,119.7327
0,119.7327
0,133.3387
0,133.3387
0,115.9581
0,115.9581
0,136.9377
0,136.9377
0,163.1841
0,163.1841
0,121.5761
0,121.5761
0,76.018
0,76.018
0,121.4005
0,121.4005
0,100.5087
0,100.5087
0,22.384
0,22.384
2,183.6369
3,183.6369
3,169.592
2,169.592
4,198.7352
5,198.7352
3,199.2619
0,199.2619
2,192.3272
1,192.3272
2,189.8693
1,189.8693
0,187.9382
2,187.9382
3,187.1481
0,187.1481
3,186.7092
1,186.7092
3,192.5905
5,192.5905
1,159.7606
1,159.7606
0,149.0514
0,149.0514
3,161.3407
1,161.3407
2,180.389
1,180.389
2,182.5836
2,182.5836
2,178.9846
2,178.9846
2,159.5851
1,159.5851
2,142.819
0,142.819
0,153.5282
0,153.5282
3,162.1307
2,162.1307
2,178.1067
3,178.1067
0,161.7796
0,161.7796
2,153.7915
0,153.7915
3,119.996
1,119.996
3,165.2908
2,165.2908
0,199.2619
1,199.2619
2,180.8279
0,180.8279
0,113.3247
0,113.3247
0,76.1935
0,76.1935
1,128.5107
0,128.5107
0,161.5162
1,161.5162
1,162.2185
3,162.2185
1,158.9706
2,158.9706
1,168.8898
0,168.8898
0,181.618
1,181.618
0,154.4938
0,154.4938
0,172.5766
0,172.5766
2,191.0105
0,191.0105
0,154.8449
3,154.8449
0,125.1751
0,125.1751
0,167.3975
0,167.3975
0,144.3112
0,144.3112
0,110.4279
1,110.4279
0,62.8509
0,62.8509
0,50.9127
0,50.9127
0,104.9855
0,104.9855
1,176.4389
0,176.4389
1,184.5147
0,184.5147
1,189.8693
0,189.8693
0,159.9362
0,159.9362
0,113.5003
0,113.5003
0,106.2145
0,106.2145
0,178.3701
0,141.3267
0,141.3267
0,122.015
0,157.1272
0,157.1272
1,185.7437
0,185.7437
0,166.7831
0,166.7831
0,121.6639
0,121.6639
0,120.4349
0,120.4349
3,187.3237
3,187.3237
3,180.1257
0,180.1257
3,181.5302
3,181.5302
1,179.5112
0,179.5112
0,191.9761
0,191.9761
2,192.3272
0,192.3272
1,189.606
1,189.606
0,193.995
0,193.995
1,191.7127
0,191.7127
3,165.5541
2,165.5541
0,158.4439
1,158.4439
0,186.3581
0,186.3581
0,196.5407
0,196.5407
0,157.5661
0,157.5661
1,172.8399
1,172.8399
2,199.613
3,199.613
3,194.7851
4,194.7851
1,132.6364
1,132.6364
0,166.6953
0,166.6953
0,143.8723
0,143.8723
1,161.2529
1,161.2529
0,172.7521
0,172.7521
0,91.994
0,91.994
0,29.9332
0,29.9332
0,16.415
0,16.415
0,38.799
0,38.799
0,88.6584
0,88.6584
0,124.5606
0,124.5606
0,163.7107
1,163.7107
1,179.5112
0,179.5112
0,79.617
0,79.617
0,147.4713
0,147.4713
0,186.6215
2,186.6215
0,162.4818
1,162.4818
0,170.3821
0,170.3821
2,170.4698
2,170.4698
2,171.4354
2,171.4354
2,195.5751
3,195.5751
0,149.4903
2,149.4903
0,136.4988
0,136.4988
0,124.5606
0,124.5606
0,145.4524
0,145.4524
0,189.2549
1,189.2549
0,162.8329
0,162.8329
0,151.5092
0,151.5092
0,98.8409
0,98.8409
0,95.5052
0,95.5052
2,165.8175
2,165.8175
1,158.3561
1,158.3561
1,169.1531
1,169.1531
0,183.2858
0,183.2858
1,177.3167
0,177.3167
1,182.7591
0,182.7591
1,174.2444
0,174.2444
0,156.8639
0,156.8639
0,150.7192
0,150.7192
0,137.9033
0,137.9033
0,142.7312
0,142.7312
0,168.2753
1,168.2753
0,167.1342
0,167.1342
2,120.4349
3,120.4349
0,108.3212
0,108.3212
2,152.5626
3,152.5626
0,122.2783
0,122.2783
1,131.9342
4,131.9342
1,137.991
1,137.991
0,118.7671
0,118.7671
3,137.5521
2,137.5521
1,115.3437
0,115.3437
0,45.1192
0,45.1192
0,83.3037
0,83.3037
2,92.9596
0,92.9596
0,67.1521
0,67.1521
0,67.6788
0,67.6788
0,75.5791
0,75.5791
0,101.8254
0,101.8254
0,125.7018
0,125.7018
1,106.2145
1,106.2145
0,61.4464
0,61.4464
0,53.5461
0,53.5461
0,78.388
0,78.388
0,59.4274
0,59.4274
0,90.8529
0,90.8529
1,102.0888
0,102.0888
0,113.6758
0,113.6758
0,129.9152
0,129.9152
0,99.8943
0,99.8943
0,85.4105
0,85.4105
3,131.1442
4,131.1442
0,126.7551
0,126.7551
1,82.5137
1,82.5137
0,12.0259
0,12.0259
0,8.5147
0,8.5147
0,49.0693
0,49.0693
0,54.8628
0,54.8628
0,88.7461
1,88.7461
0,70.4
0,70.4
0,37.3945
0,37.3945
0,37.3945
0,37.3945
0,72.6823
0,72.6823
1,69.3466
2,69.3466
0,80.6703
0,80.6703
0,64.6065
0,64.6065
0,48.9816
0,48.9816
0,63.4653
0,63.4653
0,51.4394
0,51.4394
0,51.5272
0,51.5272
0,36.4289
0,36.4289
1,94.7152
0,94.7152
0,138.1666
0,138.1666
0,89.7995
2,89.7995
2,89.9751
1,89.9751
0,58.6374
0,58.6374
0,71.4534
0,71.4534
0,69.6978
0,69.6978
0,47.4015
0,47.4015
0,67.591
0,67.591
0,127.4574
0,127.4574
1,128.1596
1,128.1596
0,95.2419
0,95.2419
0,62.4998
0,62.4998
0,90.3262
0,90.3262
2,91.5551
1,91.5551
0,170.1187
0,170.1187
0,159.4973
0,159.4973
2,181.0035
2,181.0035
1,174.3322
0,174.3322
1,114.4658
2,114.4658
0,55.214
0,55.214
0,20.4529
0,20.4529
0,76.2813
0,76.2813
0,79.7047
0,79.7047
0,23.4374
0,23.4374
0,28.3531
0,28.3531
0,12.0259
0,12.0259
0,8.1636
0,8.1636
0,15.8005
0,15.8005
0,12.0259
0,12.0259
0,42.6614
0,42.6614
0,32.6544
0,32.6544
0,15.5372
0,15.5372
0,9.4803
0,9.4803
0,18.9606
0,18.9606
0,52.4928
0,52.4928
0,104.1955
0,104.1955
0,161.5162
1,161.5162
0,175.1222
0,175.1222
2,135.7965
1,135.7965
0,91.1162
0,91.1162
0,60.6564
0,60.6564
1,167.3097
0,167.3097
0,138.7811
0,138.7811
1,99.8943
0,99.8943
0,101.4743
0,101.4743
0,122.3661
0,122.3661
0,148.6125
0,148.6125
0,142.9945
1,142.9945
1,131.2319
5,131.2319
0,92.6963
0,92.6963
0,78.6514
0,78.6514
1,72.0678
0,72.0678
0,55.0384
0,55.0384
0,120.9616
0,120.9616
0,112.3591
0,112.3591
1,141.7656
3,141.7656
3,156.0738
3,156.0738
0,81.4604
1,81.4604
0,62.0609
0,62.0609
0,103.6688
0,103.6688
0,123.4195
0,123.4195
1,100.2454
1,100.2454
0,117.3626
0,117.3626
3,148.6125
2,148.6125
0,117.6259
0,117.6259
1,100.0698
0,100.0698
1,89.7117
0,89.7117
0,84.5327
0,84.5327
0,37.219
0,37.219
0,34.0589
0,34.0589
1,121.3127
3,121.3127